question_id,year,question_number,source_pdf_page,issue_flags,current_verification_status,source_pdf_url,review_action
aemet-a1-acceso-libre-primer-ejercicio-2014-11,2014,11,3,pdf_page_header_or_footer_embedded,verified,https://www.aemet.es/documentos/es/empleo_y_becas/empleo_publico/oposiciones/grupo_a1/otras_convocatorias/ex_met_lib_2014.pdf,Open the source PDF at the listed page and compare statement plus all four options before updating the bank.
aemet-a1-acceso-libre-primer-ejercicio-2014-15,2014,15,4,pdf_page_header_or_footer_embedded,verified,https://www.aemet.es/documentos/es/empleo_y_becas/empleo_publico/oposiciones/grupo_a1/otras_convocatorias/ex_met_lib_2014.pdf,Open the source PDF at the listed page and compare statement plus all four options before updating the bank.
aemet-a1-acceso-libre-primer-ejercicio-2014-18,2014,18,5,suspected_ocr_word_corruption,verified,https://www.aemet.es/documentos/es/empleo_y_becas/empleo_publico/oposiciones/grupo_a1/otras_convocatorias/ex_met_lib_2014.pdf,Open the source PDF at the listed page and compare statement plus all four options before updating the bank.
aemet-a1-acceso-libre-primer-ejercicio-2014-20,2014,20,5,pdf_page_header_or_footer_embedded,verified,https://www.aemet.es/documentos/es/empleo_y_becas/empleo_publico/oposiciones/grupo_a1/otras_convocatorias/ex_met_lib_2014.pdf,Open the source PDF at the listed page and compare statement plus all four options before updating the bank.
aemet-a1-acceso-libre-primer-ejercicio-2014-25,2014,25,6,pdf_page_header_or_footer_embedded,verified,https://www.aemet.es/documentos/es/empleo_y_becas/empleo_publico/oposiciones/grupo_a1/otras_convocatorias/ex_met_lib_2014.pdf,Open the source PDF at the listed page and compare statement plus all four options before updating the bank.
aemet-a1-acceso-libre-primer-ejercicio-2014-30,2014,30,7,pdf_page_header_or_footer_embedded,verified,https://www.aemet.es/documentos/es/empleo_y_becas/empleo_publico/oposiciones/grupo_a1/otras_convocatorias/ex_met_lib_2014.pdf,Open the source PDF at the listed page and compare statement plus all four options before updating the bank.
aemet-a1-acceso-libre-primer-ejercicio-2014-36,2014,36,8,pdf_page_header_or_footer_embedded,verified,https://www.aemet.es/documentos/es/empleo_y_becas/empleo_publico/oposiciones/grupo_a1/otras_convocatorias/ex_met_lib_2014.pdf,Open the source PDF at the listed page and compare statement plus all four options before updating the bank.
aemet-a1-acceso-libre-primer-ejercicio-2014-42,2014,42,9,pdf_page_header_or_footer_embedded,verified,https://www.aemet.es/documentos/es/empleo_y_becas/empleo_publico/oposiciones/grupo_a1/otras_convocatorias/ex_met_lib_2014.pdf,Open the source PDF at the listed page and compare statement plus all four options before updating the bank.
aemet-a1-acceso-libre-primer-ejercicio-2014-48,2014,48,10,pdf_page_header_or_footer_embedded,verified,https://www.aemet.es/documentos/es/empleo_y_becas/empleo_publico/oposiciones/grupo_a1/otras_convocatorias/ex_met_lib_2014.pdf,Open the source PDF at the listed page and compare statement plus all four options before updating the bank.
aemet-a1-acceso-libre-primer-ejercicio-2014-53,2014,53,11,pdf_page_header_or_footer_embedded,verified,https://www.aemet.es/documentos/es/empleo_y_becas/empleo_publico/oposiciones/grupo_a1/otras_convocatorias/ex_met_lib_2014.pdf,Open the source PDF at the listed page and compare statement plus all four options before updating the bank.
aemet-a1-acceso-libre-primer-ejercicio-2014-59,2014,59,12,pdf_page_header_or_footer_embedded,verified,https://www.aemet.es/documentos/es/empleo_y_becas/empleo_publico/oposiciones/grupo_a1/otras_convocatorias/ex_met_lib_2014.pdf,Open the source PDF at the listed page and compare statement plus all four options before updating the bank.
aemet-a1-acceso-libre-primer-ejercicio-2014-6,2014,6,2,pdf_page_header_or_footer_embedded,verified,https://www.aemet.es/documentos/es/empleo_y_becas/empleo_publico/oposiciones/grupo_a1/otras_convocatorias/ex_met_lib_2014.pdf,Open the source PDF at the listed page and compare statement plus all four options before updating the bank.
aemet-a1-acceso-libre-primer-ejercicio-2014-64,2014,64,13,pdf_page_header_or_footer_embedded,verified,https://www.aemet.es/documentos/es/empleo_y_becas/empleo_publico/oposiciones/grupo_a1/otras_convocatorias/ex_met_lib_2014.pdf,Open the source PDF at the listed page and compare statement plus all four options before updating the bank.
aemet-a1-acceso-libre-primer-ejercicio-2014-70,2014,70,14,pdf_page_header_or_footer_embedded,verified,https://www.aemet.es/documentos/es/empleo_y_becas/empleo_publico/oposiciones/grupo_a1/otras_convocatorias/ex_met_lib_2014.pdf,Open the source PDF at the listed page and compare statement plus all four options before updating the bank.
aemet-a1-acceso-libre-primer-ejercicio-2014-76,2014,76,15,pdf_page_header_or_footer_embedded,verified,https://www.aemet.es/documentos/es/empleo_y_becas/empleo_publico/oposiciones/grupo_a1/otras_convocatorias/ex_met_lib_2014.pdf,Open the source PDF at the listed page and compare statement plus all four options before updating the bank.
aemet-a1-acceso-libre-primer-ejercicio-2014-82,2014,82,16,pdf_page_header_or_footer_embedded,verified,https://www.aemet.es/documentos/es/empleo_y_becas/empleo_publico/oposiciones/grupo_a1/otras_convocatorias/ex_met_lib_2014.pdf,Open the source PDF at the listed page and compare statement plus all four options before updating the bank.
aemet-a1-acceso-libre-primer-ejercicio-2014-88,2014,88,17,pdf_page_header_or_footer_embedded,verified,https://www.aemet.es/documentos/es/empleo_y_becas/empleo_publico/oposiciones/grupo_a1/otras_convocatorias/ex_met_lib_2014.pdf,Open the source PDF at the listed page and compare statement plus all four options before updating the bank.
aemet-a1-acceso-libre-primer-ejercicio-2014-93,2014,93,18,suspected_ocr_word_corruption,verified,https://www.aemet.es/documentos/es/empleo_y_becas/empleo_publico/oposiciones/grupo_a1/otras_convocatorias/ex_met_lib_2014.pdf,Open the source PDF at the listed page and compare statement plus all four options before updating the bank.
aemet-a1-acceso-libre-primer-ejercicio-2014-94,2014,94,18,pdf_page_header_or_footer_embedded,verified,https://www.aemet.es/documentos/es/empleo_y_becas/empleo_publico/oposiciones/grupo_a1/otras_convocatorias/ex_met_lib_2014.pdf,Open the source PDF at the listed page and compare statement plus all four options before updating the bank.
aemet-a1-acceso-libre-primer-ejercicio-2015-10,2015,10,3,pdf_page_header_or_footer_embedded,verified,https://www.aemet.es/documentos/es/empleo_y_becas/empleo_publico/oposiciones/grupo_a1/otras_convocatorias/ex_met_lib_2015.pdf,Open the source PDF at the listed page and compare statement plus all four options before updating the bank.
aemet-a1-acceso-libre-primer-ejercicio-2015-103,2015,103,28,pdf_page_header_or_footer_embedded,verified,https://www.aemet.es/documentos/es/empleo_y_becas/empleo_publico/oposiciones/grupo_a1/otras_convocatorias/ex_met_lib_2015.pdf,Open the source PDF at the listed page and compare statement plus all four options before updating the bank.
aemet-a1-acceso-libre-primer-ejercicio-2015-107,2015,107,29,pdf_page_header_or_footer_embedded,verified,https://www.aemet.es/documentos/es/empleo_y_becas/empleo_publico/oposiciones/grupo_a1/otras_convocatorias/ex_met_lib_2015.pdf,Open the source PDF at the listed page and compare statement plus all four options before updating the bank.
aemet-a1-acceso-libre-primer-ejercicio-2015-111,2015,111,30,pdf_page_header_or_footer_embedded,verified,https://www.aemet.es/documentos/es/empleo_y_becas/empleo_publico/oposiciones/grupo_a1/otras_convocatorias/ex_met_lib_2015.pdf,Open the source PDF at the listed page and compare statement plus all four options before updating the bank.
aemet-a1-acceso-libre-primer-ejercicio-2015-115,2015,115,31,pdf_page_header_or_footer_embedded,verified,https://www.aemet.es/documentos/es/empleo_y_becas/empleo_publico/oposiciones/grupo_a1/otras_convocatorias/ex_met_lib_2015.pdf,Open the source PDF at the listed page and compare statement plus all four options before updating the bank.
aemet-a1-acceso-libre-primer-ejercicio-2015-117,2015,117,32,suspected_ocr_word_corruption,verified,https://www.aemet.es/documentos/es/empleo_y_becas/empleo_publico/oposiciones/grupo_a1/otras_convocatorias/ex_met_lib_2015.pdf,Open the source PDF at the listed page and compare statement plus all four options before updating the bank.
aemet-a1-acceso-libre-primer-ejercicio-2015-119,2015,119,32,pdf_page_header_or_footer_embedded,verified,https://www.aemet.es/documentos/es/empleo_y_becas/empleo_publico/oposiciones/grupo_a1/otras_convocatorias/ex_met_lib_2015.pdf,Open the source PDF at the listed page and compare statement plus all four options before updating the bank.
aemet-a1-acceso-libre-primer-ejercicio-2015-13,2015,13,4,pdf_page_header_or_footer_embedded,verified,https://www.aemet.es/documentos/es/empleo_y_becas/empleo_publico/oposiciones/grupo_a1/otras_convocatorias/ex_met_lib_2015.pdf,Open the source PDF at the listed page and compare statement plus all four options before updating the bank.
aemet-a1-acceso-libre-primer-ejercicio-2015-17,2015,17,5,pdf_page_header_or_footer_embedded,verified,https://www.aemet.es/documentos/es/empleo_y_becas/empleo_publico/oposiciones/grupo_a1/otras_convocatorias/ex_met_lib_2015.pdf,Open the source PDF at the listed page and compare statement plus all four options before updating the bank.
aemet-a1-acceso-libre-primer-ejercicio-2015-21,2015,21,6,pdf_page_header_or_footer_embedded,verified,https://www.aemet.es/documentos/es/empleo_y_becas/empleo_publico/oposiciones/grupo_a1/otras_convocatorias/ex_met_lib_2015.pdf,Open the source PDF at the listed page and compare statement plus all four options before updating the bank.
aemet-a1-acceso-libre-primer-ejercicio-2015-25,2015,25,7,pdf_page_header_or_footer_embedded,verified,https://www.aemet.es/documentos/es/empleo_y_becas/empleo_publico/oposiciones/grupo_a1/otras_convocatorias/ex_met_lib_2015.pdf,Open the source PDF at the listed page and compare statement plus all four options before updating the bank.
aemet-a1-acceso-libre-primer-ejercicio-2015-29,2015,29,8,pdf_page_header_or_footer_embedded,verified,https://www.aemet.es/documentos/es/empleo_y_becas/empleo_publico/oposiciones/grupo_a1/otras_convocatorias/ex_met_lib_2015.pdf,Open the source PDF at the listed page and compare statement plus all four options before updating the bank.
aemet-a1-acceso-libre-primer-ejercicio-2015-3,2015,3,1,pdf_page_header_or_footer_embedded,verified,https://www.aemet.es/documentos/es/empleo_y_becas/empleo_publico/oposiciones/grupo_a1/otras_convocatorias/ex_met_lib_2015.pdf,Open the source PDF at the listed page and compare statement plus all four options before updating the bank.
aemet-a1-acceso-libre-primer-ejercicio-2015-32,2015,32,9,pdf_page_header_or_footer_embedded,verified,https://www.aemet.es/documentos/es/empleo_y_becas/empleo_publico/oposiciones/grupo_a1/otras_convocatorias/ex_met_lib_2015.pdf,Open the source PDF at the listed page and compare statement plus all four options before updating the bank.
aemet-a1-acceso-libre-primer-ejercicio-2015-34,2015,34,10,suspected_ocr_word_corruption,verified,https://www.aemet.es/documentos/es/empleo_y_becas/empleo_publico/oposiciones/grupo_a1/otras_convocatorias/ex_met_lib_2015.pdf,Open the source PDF at the listed page and compare statement plus all four options before updating the bank.
aemet-a1-acceso-libre-primer-ejercicio-2015-35,2015,35,10,pdf_page_header_or_footer_embedded,verified,https://www.aemet.es/documentos/es/empleo_y_becas/empleo_publico/oposiciones/grupo_a1/otras_convocatorias/ex_met_lib_2015.pdf,Open the source PDF at the listed page and compare statement plus all four options before updating the bank.
aemet-a1-acceso-libre-primer-ejercicio-2015-39,2015,39,11,pdf_page_header_or_footer_embedded,verified,https://www.aemet.es/documentos/es/empleo_y_becas/empleo_publico/oposiciones/grupo_a1/otras_convocatorias/ex_met_lib_2015.pdf,Open the source PDF at the listed page and compare statement plus all four options before updating the bank.
aemet-a1-acceso-libre-primer-ejercicio-2015-42,2015,42,12,pdf_page_header_or_footer_embedded,verified,https://www.aemet.es/documentos/es/empleo_y_becas/empleo_publico/oposiciones/grupo_a1/otras_convocatorias/ex_met_lib_2015.pdf,Open the source PDF at the listed page and compare statement plus all four options before updating the bank.
aemet-a1-acceso-libre-primer-ejercicio-2015-46,2015,46,13,pdf_page_header_or_footer_embedded,verified,https://www.aemet.es/documentos/es/empleo_y_becas/empleo_publico/oposiciones/grupo_a1/otras_convocatorias/ex_met_lib_2015.pdf,Open the source PDF at the listed page and compare statement plus all four options before updating the bank.
aemet-a1-acceso-libre-primer-ejercicio-2015-54,2015,54,15,pdf_page_header_or_footer_embedded,verified,https://www.aemet.es/documentos/es/empleo_y_becas/empleo_publico/oposiciones/grupo_a1/otras_convocatorias/ex_met_lib_2015.pdf,Open the source PDF at the listed page and compare statement plus all four options before updating the bank.
aemet-a1-acceso-libre-primer-ejercicio-2015-58,2015,58,16,pdf_page_header_or_footer_embedded,verified,https://www.aemet.es/documentos/es/empleo_y_becas/empleo_publico/oposiciones/grupo_a1/otras_convocatorias/ex_met_lib_2015.pdf,Open the source PDF at the listed page and compare statement plus all four options before updating the bank.
aemet-a1-acceso-libre-primer-ejercicio-2015-6,2015,6,2,pdf_page_header_or_footer_embedded,verified,https://www.aemet.es/documentos/es/empleo_y_becas/empleo_publico/oposiciones/grupo_a1/otras_convocatorias/ex_met_lib_2015.pdf,Open the source PDF at the listed page and compare statement plus all four options before updating the bank.
aemet-a1-acceso-libre-primer-ejercicio-2015-61,2015,61,17,pdf_page_header_or_footer_embedded,verified,https://www.aemet.es/documentos/es/empleo_y_becas/empleo_publico/oposiciones/grupo_a1/otras_convocatorias/ex_met_lib_2015.pdf,Open the source PDF at the listed page and compare statement plus all four options before updating the bank.
aemet-a1-acceso-libre-primer-ejercicio-2015-65,2015,65,18,pdf_page_header_or_footer_embedded,verified,https://www.aemet.es/documentos/es/empleo_y_becas/empleo_publico/oposiciones/grupo_a1/otras_convocatorias/ex_met_lib_2015.pdf,Open the source PDF at the listed page and compare statement plus all four options before updating the bank.
aemet-a1-acceso-libre-primer-ejercicio-2015-69,2015,69,19,pdf_page_header_or_footer_embedded,verified,https://www.aemet.es/documentos/es/empleo_y_becas/empleo_publico/oposiciones/grupo_a1/otras_convocatorias/ex_met_lib_2015.pdf,Open the source PDF at the listed page and compare statement plus all four options before updating the bank.
aemet-a1-acceso-libre-primer-ejercicio-2015-7,2015,7,3,suspected_ocr_word_corruption,verified,https://www.aemet.es/documentos/es/empleo_y_becas/empleo_publico/oposiciones/grupo_a1/otras_convocatorias/ex_met_lib_2015.pdf,Open the source PDF at the listed page and compare statement plus all four options before updating the bank.
aemet-a1-acceso-libre-primer-ejercicio-2015-73,2015,73,20,pdf_page_header_or_footer_embedded,verified,https://www.aemet.es/documentos/es/empleo_y_becas/empleo_publico/oposiciones/grupo_a1/otras_convocatorias/ex_met_lib_2015.pdf,Open the source PDF at the listed page and compare statement plus all four options before updating the bank.
aemet-a1-acceso-libre-primer-ejercicio-2015-77,2015,77,21,pdf_page_header_or_footer_embedded,verified,https://www.aemet.es/documentos/es/empleo_y_becas/empleo_publico/oposiciones/grupo_a1/otras_convocatorias/ex_met_lib_2015.pdf,Open the source PDF at the listed page and compare statement plus all four options before updating the bank.
aemet-a1-acceso-libre-primer-ejercicio-2015-80,2015,80,22,pdf_page_header_or_footer_embedded,verified,https://www.aemet.es/documentos/es/empleo_y_becas/empleo_publico/oposiciones/grupo_a1/otras_convocatorias/ex_met_lib_2015.pdf,Open the source PDF at the listed page and compare statement plus all four options before updating the bank.
aemet-a1-acceso-libre-primer-ejercicio-2015-84,2015,84,23,pdf_page_header_or_footer_embedded,verified,https://www.aemet.es/documentos/es/empleo_y_becas/empleo_publico/oposiciones/grupo_a1/otras_convocatorias/ex_met_lib_2015.pdf,Open the source PDF at the listed page and compare statement plus all four options before updating the bank.
aemet-a1-acceso-libre-primer-ejercicio-2015-88,2015,88,24,pdf_page_header_or_footer_embedded,verified,https://www.aemet.es/documentos/es/empleo_y_becas/empleo_publico/oposiciones/grupo_a1/otras_convocatorias/ex_met_lib_2015.pdf,Open the source PDF at the listed page and compare statement plus all four options before updating the bank.
aemet-a1-acceso-libre-primer-ejercicio-2015-92,2015,92,25,pdf_page_header_or_footer_embedded,verified,https://www.aemet.es/documentos/es/empleo_y_becas/empleo_publico/oposiciones/grupo_a1/otras_convocatorias/ex_met_lib_2015.pdf,Open the source PDF at the listed page and compare statement plus all four options before updating the bank.
aemet-a1-acceso-libre-primer-ejercicio-2015-96,2015,96,26,pdf_page_header_or_footer_embedded;suspected_ocr_word_corruption,verified,https://www.aemet.es/documentos/es/empleo_y_becas/empleo_publico/oposiciones/grupo_a1/otras_convocatorias/ex_met_lib_2015.pdf,Open the source PDF at the listed page and compare statement plus all four options before updating the bank.
aemet-a1-acceso-libre-primer-ejercicio-2015-97,2015,97,27,suspected_ocr_word_corruption,verified,https://www.aemet.es/documentos/es/empleo_y_becas/empleo_publico/oposiciones/grupo_a1/otras_convocatorias/ex_met_lib_2015.pdf,Open the source PDF at the listed page and compare statement plus all four options before updating the bank.
aemet-a1-acceso-libre-primer-ejercicio-2015-99,2015,99,27,pdf_page_header_or_footer_embedded,verified,https://www.aemet.es/documentos/es/empleo_y_becas/empleo_publico/oposiciones/grupo_a1/otras_convocatorias/ex_met_lib_2015.pdf,Open the source PDF at the listed page and compare statement plus all four options before updating the bank.
aemet-a1-acceso-libre-primer-ejercicio-2016-1,2016,1,1,scanned_pdf_ocr_requires_visual_review;suspected_ocr_word_corruption,needs_review,https://www.miteco.gob.es/content/dam/miteco/es/ministerio/empleo-publico/personal-funcionario/cuestionario_tcm30-96165.pdf,Open the source PDF at the listed page and compare statement plus all four options before updating the bank.
aemet-a1-acceso-libre-primer-ejercicio-2016-10,2016,10,4,scanned_pdf_ocr_requires_visual_review,needs_review,https://www.miteco.gob.es/content/dam/miteco/es/ministerio/empleo-publico/personal-funcionario/cuestionario_tcm30-96165.pdf,Open the source PDF at the listed page and compare statement plus all four options before updating the bank.
aemet-a1-acceso-libre-primer-ejercicio-2016-100,2016,100,34,scanned_pdf_ocr_requires_visual_review;pdf_page_header_or_footer_embedded;suspected_ocr_word_corruption,needs_review,https://www.miteco.gob.es/content/dam/miteco/es/ministerio/empleo-publico/personal-funcionario/cuestionario_tcm30-96165.pdf,Open the source PDF at the listed page and compare statement plus all four options before updating the bank.
aemet-a1-acceso-libre-primer-ejercicio-2016-101,2016,101,35,scanned_pdf_ocr_requires_visual_review,needs_review,https://www.miteco.gob.es/content/dam/miteco/es/ministerio/empleo-publico/personal-funcionario/cuestionario_tcm30-96165.pdf,Open the source PDF at the listed page and compare statement plus all four options before updating the bank.
aemet-a1-acceso-libre-primer-ejercicio-2016-102,2016,102,35,scanned_pdf_ocr_requires_visual_review;suspected_ocr_word_corruption,needs_review,https://www.miteco.gob.es/content/dam/miteco/es/ministerio/empleo-publico/personal-funcionario/cuestionario_tcm30-96165.pdf,Open the source PDF at the listed page and compare statement plus all four options before updating the bank.
aemet-a1-acceso-libre-primer-ejercicio-2016-103,2016,103,35,scanned_pdf_ocr_requires_visual_review;pdf_page_header_or_footer_embedded;suspected_ocr_word_corruption,needs_review,https://www.miteco.gob.es/content/dam/miteco/es/ministerio/empleo-publico/personal-funcionario/cuestionario_tcm30-96165.pdf,Open the source PDF at the listed page and compare statement plus all four options before updating the bank.
aemet-a1-acceso-libre-primer-ejercicio-2016-104,2016,104,36,scanned_pdf_ocr_requires_visual_review;suspected_ocr_word_corruption,needs_review,https://www.miteco.gob.es/content/dam/miteco/es/ministerio/empleo-publico/personal-funcionario/cuestionario_tcm30-96165.pdf,Open the source PDF at the listed page and compare statement plus all four options before updating the bank.
aemet-a1-acceso-libre-primer-ejercicio-2016-105,2016,105,36,scanned_pdf_ocr_requires_visual_review,needs_review,https://www.miteco.gob.es/content/dam/miteco/es/ministerio/empleo-publico/personal-funcionario/cuestionario_tcm30-96165.pdf,Open the source PDF at the listed page and compare statement plus all four options before updating the bank.
aemet-a1-acceso-libre-primer-ejercicio-2016-106,2016,106,36,scanned_pdf_ocr_requires_visual_review;pdf_page_header_or_footer_embedded,needs_review,https://www.miteco.gob.es/content/dam/miteco/es/ministerio/empleo-publico/personal-funcionario/cuestionario_tcm30-96165.pdf,Open the source PDF at the listed page and compare statement plus all four options before updating the bank.
aemet-a1-acceso-libre-primer-ejercicio-2016-107,2016,107,37,scanned_pdf_ocr_requires_visual_review,needs_review,https://www.miteco.gob.es/content/dam/miteco/es/ministerio/empleo-publico/personal-funcionario/cuestionario_tcm30-96165.pdf,Open the source PDF at the listed page and compare statement plus all four options before updating the bank.
aemet-a1-acceso-libre-primer-ejercicio-2016-108,2016,108,37,scanned_pdf_ocr_requires_visual_review,needs_review,https://www.miteco.gob.es/content/dam/miteco/es/ministerio/empleo-publico/personal-funcionario/cuestionario_tcm30-96165.pdf,Open the source PDF at the listed page and compare statement plus all four options before updating the bank.
aemet-a1-acceso-libre-primer-ejercicio-2016-109,2016,109,37,scanned_pdf_ocr_requires_visual_review;pdf_page_header_or_footer_embedded,needs_review,https://www.miteco.gob.es/content/dam/miteco/es/ministerio/empleo-publico/personal-funcionario/cuestionario_tcm30-96165.pdf,Open the source PDF at the listed page and compare statement plus all four options before updating the bank.
aemet-a1-acceso-libre-primer-ejercicio-2016-110,2016,110,38,scanned_pdf_ocr_requires_visual_review,needs_review,https://www.miteco.gob.es/content/dam/miteco/es/ministerio/empleo-publico/personal-funcionario/cuestionario_tcm30-96165.pdf,Open the source PDF at the listed page and compare statement plus all four options before updating the bank.
aemet-a1-acceso-libre-primer-ejercicio-2016-111,2016,111,38,scanned_pdf_ocr_requires_visual_review,needs_review,https://www.miteco.gob.es/content/dam/miteco/es/ministerio/empleo-publico/personal-funcionario/cuestionario_tcm30-96165.pdf,Open the source PDF at the listed page and compare statement plus all four options before updating the bank.
aemet-a1-acceso-libre-primer-ejercicio-2016-112,2016,112,38,scanned_pdf_ocr_requires_visual_review;pdf_page_header_or_footer_embedded,needs_review,https://www.miteco.gob.es/content/dam/miteco/es/ministerio/empleo-publico/personal-funcionario/cuestionario_tcm30-96165.pdf,Open the source PDF at the listed page and compare statement plus all four options before updating the bank.
aemet-a1-acceso-libre-primer-ejercicio-2016-113,2016,113,39,scanned_pdf_ocr_requires_visual_review,needs_review,https://www.miteco.gob.es/content/dam/miteco/es/ministerio/empleo-publico/personal-funcionario/cuestionario_tcm30-96165.pdf,Open the source PDF at the listed page and compare statement plus all four options before updating the bank.
aemet-a1-acceso-libre-primer-ejercicio-2016-114,2016,114,39,scanned_pdf_ocr_requires_visual_review,needs_review,https://www.miteco.gob.es/content/dam/miteco/es/ministerio/empleo-publico/personal-funcionario/cuestionario_tcm30-96165.pdf,Open the source PDF at the listed page and compare statement plus all four options before updating the bank.
aemet-a1-acceso-libre-primer-ejercicio-2016-115,2016,115,39,scanned_pdf_ocr_requires_visual_review;pdf_page_header_or_footer_embedded,needs_review,https://www.miteco.gob.es/content/dam/miteco/es/ministerio/empleo-publico/personal-funcionario/cuestionario_tcm30-96165.pdf,Open the source PDF at the listed page and compare statement plus all four options before updating the bank.
aemet-a1-acceso-libre-primer-ejercicio-2016-116,2016,116,40,scanned_pdf_ocr_requires_visual_review,needs_review,https://www.miteco.gob.es/content/dam/miteco/es/ministerio/empleo-publico/personal-funcionario/cuestionario_tcm30-96165.pdf,Open the source PDF at the listed page and compare statement plus all four options before updating the bank.
aemet-a1-acceso-libre-primer-ejercicio-2016-117,2016,117,40,scanned_pdf_ocr_requires_visual_review;pdf_page_header_or_footer_embedded,needs_review,https://www.miteco.gob.es/content/dam/miteco/es/ministerio/empleo-publico/personal-funcionario/cuestionario_tcm30-96165.pdf,Open the source PDF at the listed page and compare statement plus all four options before updating the bank.
aemet-a1-acceso-libre-primer-ejercicio-2016-118,2016,118,41,scanned_pdf_ocr_requires_visual_review,needs_review,https://www.miteco.gob.es/content/dam/miteco/es/ministerio/empleo-publico/personal-funcionario/cuestionario_tcm30-96165.pdf,Open the source PDF at the listed page and compare statement plus all four options before updating the bank.
aemet-a1-acceso-libre-primer-ejercicio-2016-119,2016,119,41,scanned_pdf_ocr_requires_visual_review;pdf_page_header_or_footer_embedded,needs_review,https://www.miteco.gob.es/content/dam/miteco/es/ministerio/empleo-publico/personal-funcionario/cuestionario_tcm30-96165.pdf,Open the source PDF at the listed page and compare statement plus all four options before updating the bank.
aemet-a1-acceso-libre-primer-ejercicio-2016-12,2016,12,4,scanned_pdf_ocr_requires_visual_review;pdf_page_header_or_footer_embedded;suspected_ocr_word_corruption,needs_review,https://www.miteco.gob.es/content/dam/miteco/es/ministerio/empleo-publico/personal-funcionario/cuestionario_tcm30-96165.pdf,Open the source PDF at the listed page and compare statement plus all four options before updating the bank.
aemet-a1-acceso-libre-primer-ejercicio-2016-120,2016,120,42,scanned_pdf_ocr_requires_visual_review,needs_review,https://www.miteco.gob.es/content/dam/miteco/es/ministerio/empleo-publico/personal-funcionario/cuestionario_tcm30-96165.pdf,Open the source PDF at the listed page and compare statement plus all four options before updating the bank.
aemet-a1-acceso-libre-primer-ejercicio-2016-14,2016,14,5,scanned_pdf_ocr_requires_visual_review;suspected_ocr_word_corruption,needs_review,https://www.miteco.gob.es/content/dam/miteco/es/ministerio/empleo-publico/personal-funcionario/cuestionario_tcm30-96165.pdf,Open the source PDF at the listed page and compare statement plus all four options before updating the bank.
aemet-a1-acceso-libre-primer-ejercicio-2016-15,2016,15,5,scanned_pdf_ocr_requires_visual_review;pdf_page_header_or_footer_embedded,needs_review,https://www.miteco.gob.es/content/dam/miteco/es/ministerio/empleo-publico/personal-funcionario/cuestionario_tcm30-96165.pdf,Open the source PDF at the listed page and compare statement plus all four options before updating the bank.
aemet-a1-acceso-libre-primer-ejercicio-2016-17,2016,17,6,scanned_pdf_ocr_requires_visual_review;suspected_ocr_word_corruption,needs_review,https://www.miteco.gob.es/content/dam/miteco/es/ministerio/empleo-publico/personal-funcionario/cuestionario_tcm30-96165.pdf,Open the source PDF at the listed page and compare statement plus all four options before updating the bank.
aemet-a1-acceso-libre-primer-ejercicio-2016-2,2016,2,1,scanned_pdf_ocr_requires_visual_review,needs_review,https://www.miteco.gob.es/content/dam/miteco/es/ministerio/empleo-publico/personal-funcionario/cuestionario_tcm30-96165.pdf,Open the source PDF at the listed page and compare statement plus all four options before updating the bank.
aemet-a1-acceso-libre-primer-ejercicio-2016-20,2016,20,7,scanned_pdf_ocr_requires_visual_review;suspected_ocr_word_corruption,needs_review,https://www.miteco.gob.es/content/dam/miteco/es/ministerio/empleo-publico/personal-funcionario/cuestionario_tcm30-96165.pdf,Open the source PDF at the listed page and compare statement plus all four options before updating the bank.
aemet-a1-acceso-libre-primer-ejercicio-2016-21,2016,21,7,scanned_pdf_ocr_requires_visual_review;pdf_page_header_or_footer_embedded;suspected_ocr_word_corruption,needs_review,https://www.miteco.gob.es/content/dam/miteco/es/ministerio/empleo-publico/personal-funcionario/cuestionario_tcm30-96165.pdf,Open the source PDF at the listed page and compare statement plus all four options before updating the bank.
aemet-a1-acceso-libre-primer-ejercicio-2016-22,2016,22,8,scanned_pdf_ocr_requires_visual_review,needs_review,https://www.miteco.gob.es/content/dam/miteco/es/ministerio/empleo-publico/personal-funcionario/cuestionario_tcm30-96165.pdf,Open the source PDF at the listed page and compare statement plus all four options before updating the bank.
aemet-a1-acceso-libre-primer-ejercicio-2016-23,2016,23,8,scanned_pdf_ocr_requires_visual_review,needs_review,https://www.miteco.gob.es/content/dam/miteco/es/ministerio/empleo-publico/personal-funcionario/cuestionario_tcm30-96165.pdf,Open the source PDF at the listed page and compare statement plus all four options before updating the bank.
aemet-a1-acceso-libre-primer-ejercicio-2016-24,2016,24,8,scanned_pdf_ocr_requires_visual_review;pdf_page_header_or_footer_embedded,needs_review,https://www.miteco.gob.es/content/dam/miteco/es/ministerio/empleo-publico/personal-funcionario/cuestionario_tcm30-96165.pdf,Open the source PDF at the listed page and compare statement plus all four options before updating the bank.
aemet-a1-acceso-libre-primer-ejercicio-2016-28,2016,28,10,scanned_pdf_ocr_requires_visual_review;pdf_page_header_or_footer_embedded;suspected_ocr_word_corruption,needs_review,https://www.miteco.gob.es/content/dam/miteco/es/ministerio/empleo-publico/personal-funcionario/cuestionario_tcm30-96165.pdf,Open the source PDF at the listed page and compare statement plus all four options before updating the bank.
aemet-a1-acceso-libre-primer-ejercicio-2016-29,2016,29,11,scanned_pdf_ocr_requires_visual_review,needs_review,https://www.miteco.gob.es/content/dam/miteco/es/ministerio/empleo-publico/personal-funcionario/cuestionario_tcm30-96165.pdf,Open the source PDF at the listed page and compare statement plus all four options before updating the bank.
aemet-a1-acceso-libre-primer-ejercicio-2016-3,2016,3,1,scanned_pdf_ocr_requires_visual_review;pdf_page_header_or_footer_embedded,needs_review,https://www.miteco.gob.es/content/dam/miteco/es/ministerio/empleo-publico/personal-funcionario/cuestionario_tcm30-96165.pdf,Open the source PDF at the listed page and compare statement plus all four options before updating the bank.
aemet-a1-acceso-libre-primer-ejercicio-2016-30,2016,30,11,scanned_pdf_ocr_requires_visual_review;suspected_ocr_word_corruption,needs_review,https://www.miteco.gob.es/content/dam/miteco/es/ministerio/empleo-publico/personal-funcionario/cuestionario_tcm30-96165.pdf,Open the source PDF at the listed page and compare statement plus all four options before updating the bank.
aemet-a1-acceso-libre-primer-ejercicio-2016-31,2016,31,11,scanned_pdf_ocr_requires_visual_review;pdf_page_header_or_footer_embedded;suspected_ocr_word_corruption,needs_review,https://www.miteco.gob.es/content/dam/miteco/es/ministerio/empleo-publico/personal-funcionario/cuestionario_tcm30-96165.pdf,Open the source PDF at the listed page and compare statement plus all four options before updating the bank.
aemet-a1-acceso-libre-primer-ejercicio-2016-32,2016,32,12,scanned_pdf_ocr_requires_visual_review;suspected_ocr_word_corruption,needs_review,https://www.miteco.gob.es/content/dam/miteco/es/ministerio/empleo-publico/personal-funcionario/cuestionario_tcm30-96165.pdf,Open the source PDF at the listed page and compare statement plus all four options before updating the bank.
aemet-a1-acceso-libre-primer-ejercicio-2016-33,2016,33,12,scanned_pdf_ocr_requires_visual_review;suspected_ocr_word_corruption,needs_review,https://www.miteco.gob.es/content/dam/miteco/es/ministerio/empleo-publico/personal-funcionario/cuestionario_tcm30-96165.pdf,Open the source PDF at the listed page and compare statement plus all four options before updating the bank.
aemet-a1-acceso-libre-primer-ejercicio-2016-34,2016,34,12,scanned_pdf_ocr_requires_visual_review;pdf_page_header_or_footer_embedded;suspected_ocr_word_corruption,needs_review,https://www.miteco.gob.es/content/dam/miteco/es/ministerio/empleo-publico/personal-funcionario/cuestionario_tcm30-96165.pdf,Open the source PDF at the listed page and compare statement plus all four options before updating the bank.
aemet-a1-acceso-libre-primer-ejercicio-2016-35,2016,35,13,scanned_pdf_ocr_requires_visual_review;suspected_ocr_word_corruption,needs_review,https://www.miteco.gob.es/content/dam/miteco/es/ministerio/empleo-publico/personal-funcionario/cuestionario_tcm30-96165.pdf,Open the source PDF at the listed page and compare statement plus all four options before updating the bank.
aemet-a1-acceso-libre-primer-ejercicio-2016-36,2016,36,13,scanned_pdf_ocr_requires_visual_review,needs_review,https://www.miteco.gob.es/content/dam/miteco/es/ministerio/empleo-publico/personal-funcionario/cuestionario_tcm30-96165.pdf,Open the source PDF at the listed page and compare statement plus all four options before updating the bank.
aemet-a1-acceso-libre-primer-ejercicio-2016-37,2016,37,13,scanned_pdf_ocr_requires_visual_review;pdf_page_header_or_footer_embedded,needs_review,https://www.miteco.gob.es/content/dam/miteco/es/ministerio/empleo-publico/personal-funcionario/cuestionario_tcm30-96165.pdf,Open the source PDF at the listed page and compare statement plus all four options before updating the bank.
aemet-a1-acceso-libre-primer-ejercicio-2016-38,2016,38,14,scanned_pdf_ocr_requires_visual_review;suspected_ocr_word_corruption,needs_review,https://www.miteco.gob.es/content/dam/miteco/es/ministerio/empleo-publico/personal-funcionario/cuestionario_tcm30-96165.pdf,Open the source PDF at the listed page and compare statement plus all four options before updating the bank.
aemet-a1-acceso-libre-primer-ejercicio-2016-39,2016,39,14,scanned_pdf_ocr_requires_visual_review,needs_review,https://www.miteco.gob.es/content/dam/miteco/es/ministerio/empleo-publico/personal-funcionario/cuestionario_tcm30-96165.pdf,Open the source PDF at the listed page and compare statement plus all four options before updating the bank.
aemet-a1-acceso-libre-primer-ejercicio-2016-4,2016,4,2,scanned_pdf_ocr_requires_visual_review,needs_review,https://www.miteco.gob.es/content/dam/miteco/es/ministerio/empleo-publico/personal-funcionario/cuestionario_tcm30-96165.pdf,Open the source PDF at the listed page and compare statement plus all four options before updating the bank.
aemet-a1-acceso-libre-primer-ejercicio-2016-40,2016,40,14,scanned_pdf_ocr_requires_visual_review;pdf_page_header_or_footer_embedded;suspected_ocr_word_corruption,needs_review,https://www.miteco.gob.es/content/dam/miteco/es/ministerio/empleo-publico/personal-funcionario/cuestionario_tcm30-96165.pdf,Open the source PDF at the listed page and compare statement plus all four options before updating the bank.
aemet-a1-acceso-libre-primer-ejercicio-2016-41,2016,41,15,scanned_pdf_ocr_requires_visual_review;suspected_ocr_word_corruption,needs_review,https://www.miteco.gob.es/content/dam/miteco/es/ministerio/empleo-publico/personal-funcionario/cuestionario_tcm30-96165.pdf,Open the source PDF at the listed page and compare statement plus all four options before updating the bank.
aemet-a1-acceso-libre-primer-ejercicio-2016-42,2016,42,15,scanned_pdf_ocr_requires_visual_review,needs_review,https://www.miteco.gob.es/content/dam/miteco/es/ministerio/empleo-publico/personal-funcionario/cuestionario_tcm30-96165.pdf,Open the source PDF at the listed page and compare statement plus all four options before updating the bank.
aemet-a1-acceso-libre-primer-ejercicio-2016-43,2016,43,15,scanned_pdf_ocr_requires_visual_review;pdf_page_header_or_footer_embedded;suspected_ocr_word_corruption,needs_review,https://www.miteco.gob.es/content/dam/miteco/es/ministerio/empleo-publico/personal-funcionario/cuestionario_tcm30-96165.pdf,Open the source PDF at the listed page and compare statement plus all four options before updating the bank.
aemet-a1-acceso-libre-primer-ejercicio-2016-44,2016,44,16,scanned_pdf_ocr_requires_visual_review,needs_review,https://www.miteco.gob.es/content/dam/miteco/es/ministerio/empleo-publico/personal-funcionario/cuestionario_tcm30-96165.pdf,Open the source PDF at the listed page and compare statement plus all four options before updating the bank.
aemet-a1-acceso-libre-primer-ejercicio-2016-45,2016,45,16,scanned_pdf_ocr_requires_visual_review;suspected_ocr_word_corruption,needs_review,https://www.miteco.gob.es/content/dam/miteco/es/ministerio/empleo-publico/personal-funcionario/cuestionario_tcm30-96165.pdf,Open the source PDF at the listed page and compare statement plus all four options before updating the bank.
aemet-a1-acceso-libre-primer-ejercicio-2016-46,2016,46,16,scanned_pdf_ocr_requires_visual_review;pdf_page_header_or_footer_embedded;suspected_ocr_word_corruption,needs_review,https://www.miteco.gob.es/content/dam/miteco/es/ministerio/empleo-publico/personal-funcionario/cuestionario_tcm30-96165.pdf,Open the source PDF at the listed page and compare statement plus all four options before updating the bank.
aemet-a1-acceso-libre-primer-ejercicio-2016-47,2016,47,17,scanned_pdf_ocr_requires_visual_review;suspected_ocr_word_corruption,needs_review,https://www.miteco.gob.es/content/dam/miteco/es/ministerio/empleo-publico/personal-funcionario/cuestionario_tcm30-96165.pdf,Open the source PDF at the listed page and compare statement plus all four options before updating the bank.
aemet-a1-acceso-libre-primer-ejercicio-2016-48,2016,48,17,scanned_pdf_ocr_requires_visual_review,needs_review,https://www.miteco.gob.es/content/dam/miteco/es/ministerio/empleo-publico/personal-funcionario/cuestionario_tcm30-96165.pdf,Open the source PDF at the listed page and compare statement plus all four options before updating the bank.
aemet-a1-acceso-libre-primer-ejercicio-2016-49,2016,49,17,scanned_pdf_ocr_requires_visual_review;pdf_page_header_or_footer_embedded;suspected_ocr_word_corruption,needs_review,https://www.miteco.gob.es/content/dam/miteco/es/ministerio/empleo-publico/personal-funcionario/cuestionario_tcm30-96165.pdf,Open the source PDF at the listed page and compare statement plus all four options before updating the bank.
aemet-a1-acceso-libre-primer-ejercicio-2016-51,2016,51,18,scanned_pdf_ocr_requires_visual_review,needs_review,https://www.miteco.gob.es/content/dam/miteco/es/ministerio/empleo-publico/personal-funcionario/cuestionario_tcm30-96165.pdf,Open the source PDF at the listed page and compare statement plus all four options before updating the bank.
aemet-a1-acceso-libre-primer-ejercicio-2016-52,2016,52,18,scanned_pdf_ocr_requires_visual_review;pdf_page_header_or_footer_embedded,needs_review,https://www.miteco.gob.es/content/dam/miteco/es/ministerio/empleo-publico/personal-funcionario/cuestionario_tcm30-96165.pdf,Open the source PDF at the listed page and compare statement plus all four options before updating the bank.
aemet-a1-acceso-libre-primer-ejercicio-2016-53,2016,53,19,scanned_pdf_ocr_requires_visual_review,needs_review,https://www.miteco.gob.es/content/dam/miteco/es/ministerio/empleo-publico/personal-funcionario/cuestionario_tcm30-96165.pdf,Open the source PDF at the listed page and compare statement plus all four options before updating the bank.
aemet-a1-acceso-libre-primer-ejercicio-2016-54,2016,54,19,scanned_pdf_ocr_requires_visual_review;pdf_page_header_or_footer_embedded;suspected_ocr_word_corruption,needs_review,https://www.miteco.gob.es/content/dam/miteco/es/ministerio/empleo-publico/personal-funcionario/cuestionario_tcm30-96165.pdf,Open the source PDF at the listed page and compare statement plus all four options before updating the bank.
aemet-a1-acceso-libre-primer-ejercicio-2016-55,2016,55,20,scanned_pdf_ocr_requires_visual_review,needs_review,https://www.miteco.gob.es/content/dam/miteco/es/ministerio/empleo-publico/personal-funcionario/cuestionario_tcm30-96165.pdf,Open the source PDF at the listed page and compare statement plus all four options before updating the bank.
aemet-a1-acceso-libre-primer-ejercicio-2016-56,2016,56,20,scanned_pdf_ocr_requires_visual_review;suspected_ocr_word_corruption,needs_review,https://www.miteco.gob.es/content/dam/miteco/es/ministerio/empleo-publico/personal-funcionario/cuestionario_tcm30-96165.pdf,Open the source PDF at the listed page and compare statement plus all four options before updating the bank.
aemet-a1-acceso-libre-primer-ejercicio-2016-57,2016,57,20,scanned_pdf_ocr_requires_visual_review;pdf_page_header_or_footer_embedded;suspected_ocr_word_corruption,needs_review,https://www.miteco.gob.es/content/dam/miteco/es/ministerio/empleo-publico/personal-funcionario/cuestionario_tcm30-96165.pdf,Open the source PDF at the listed page and compare statement plus all four options before updating the bank.
aemet-a1-acceso-libre-primer-ejercicio-2016-58,2016,58,21,scanned_pdf_ocr_requires_visual_review;suspected_ocr_word_corruption,needs_review,https://www.miteco.gob.es/content/dam/miteco/es/ministerio/empleo-publico/personal-funcionario/cuestionario_tcm30-96165.pdf,Open the source PDF at the listed page and compare statement plus all four options before updating the bank.
aemet-a1-acceso-libre-primer-ejercicio-2016-59,2016,59,21,scanned_pdf_ocr_requires_visual_review,needs_review,https://www.miteco.gob.es/content/dam/miteco/es/ministerio/empleo-publico/personal-funcionario/cuestionario_tcm30-96165.pdf,Open the source PDF at the listed page and compare statement plus all four options before updating the bank.
aemet-a1-acceso-libre-primer-ejercicio-2016-6,2016,6,2,scanned_pdf_ocr_requires_visual_review;pdf_page_header_or_footer_embedded,needs_review,https://www.miteco.gob.es/content/dam/miteco/es/ministerio/empleo-publico/personal-funcionario/cuestionario_tcm30-96165.pdf,Open the source PDF at the listed page and compare statement plus all four options before updating the bank.
aemet-a1-acceso-libre-primer-ejercicio-2016-60,2016,60,21,scanned_pdf_ocr_requires_visual_review;pdf_page_header_or_footer_embedded,needs_review,https://www.miteco.gob.es/content/dam/miteco/es/ministerio/empleo-publico/personal-funcionario/cuestionario_tcm30-96165.pdf,Open the source PDF at the listed page and compare statement plus all four options before updating the bank.
aemet-a1-acceso-libre-primer-ejercicio-2016-61,2016,61,22,scanned_pdf_ocr_requires_visual_review;suspected_ocr_word_corruption,needs_review,https://www.miteco.gob.es/content/dam/miteco/es/ministerio/empleo-publico/personal-funcionario/cuestionario_tcm30-96165.pdf,Open the source PDF at the listed page and compare statement plus all four options before updating the bank.
aemet-a1-acceso-libre-primer-ejercicio-2016-63,2016,63,22,scanned_pdf_ocr_requires_visual_review;pdf_page_header_or_footer_embedded,needs_review,https://www.miteco.gob.es/content/dam/miteco/es/ministerio/empleo-publico/personal-funcionario/cuestionario_tcm30-96165.pdf,Open the source PDF at the listed page and compare statement plus all four options before updating the bank.
aemet-a1-acceso-libre-primer-ejercicio-2016-64,2016,64,23,scanned_pdf_ocr_requires_visual_review,needs_review,https://www.miteco.gob.es/content/dam/miteco/es/ministerio/empleo-publico/personal-funcionario/cuestionario_tcm30-96165.pdf,Open the source PDF at the listed page and compare statement plus all four options before updating the bank.
aemet-a1-acceso-libre-primer-ejercicio-2016-65,2016,65,23,scanned_pdf_ocr_requires_visual_review;suspected_ocr_word_corruption,needs_review,https://www.miteco.gob.es/content/dam/miteco/es/ministerio/empleo-publico/personal-funcionario/cuestionario_tcm30-96165.pdf,Open the source PDF at the listed page and compare statement plus all four options before updating the bank.
aemet-a1-acceso-libre-primer-ejercicio-2016-66,2016,66,23,scanned_pdf_ocr_requires_visual_review;pdf_page_header_or_footer_embedded;suspected_ocr_word_corruption,needs_review,https://www.miteco.gob.es/content/dam/miteco/es/ministerio/empleo-publico/personal-funcionario/cuestionario_tcm30-96165.pdf,Open the source PDF at the listed page and compare statement plus all four options before updating the bank.
aemet-a1-acceso-libre-primer-ejercicio-2016-67,2016,67,24,scanned_pdf_ocr_requires_visual_review,needs_review,https://www.miteco.gob.es/content/dam/miteco/es/ministerio/empleo-publico/personal-funcionario/cuestionario_tcm30-96165.pdf,Open the source PDF at the listed page and compare statement plus all four options before updating the bank.
aemet-a1-acceso-libre-primer-ejercicio-2016-68,2016,68,24,scanned_pdf_ocr_requires_visual_review;suspected_ocr_word_corruption,needs_review,https://www.miteco.gob.es/content/dam/miteco/es/ministerio/empleo-publico/personal-funcionario/cuestionario_tcm30-96165.pdf,Open the source PDF at the listed page and compare statement plus all four options before updating the bank.
aemet-a1-acceso-libre-primer-ejercicio-2016-69,2016,69,24,scanned_pdf_ocr_requires_visual_review;pdf_page_header_or_footer_embedded;suspected_ocr_word_corruption,needs_review,https://www.miteco.gob.es/content/dam/miteco/es/ministerio/empleo-publico/personal-funcionario/cuestionario_tcm30-96165.pdf,Open the source PDF at the listed page and compare statement plus all four options before updating the bank.
aemet-a1-acceso-libre-primer-ejercicio-2016-7,2016,7,3,scanned_pdf_ocr_requires_visual_review;suspected_ocr_word_corruption,needs_review,https://www.miteco.gob.es/content/dam/miteco/es/ministerio/empleo-publico/personal-funcionario/cuestionario_tcm30-96165.pdf,Open the source PDF at the listed page and compare statement plus all four options before updating the bank.
aemet-a1-acceso-libre-primer-ejercicio-2016-70,2016,70,25,scanned_pdf_ocr_requires_visual_review;suspected_ocr_word_corruption,needs_review,https://www.miteco.gob.es/content/dam/miteco/es/ministerio/empleo-publico/personal-funcionario/cuestionario_tcm30-96165.pdf,Open the source PDF at the listed page and compare statement plus all four options before updating the bank.
aemet-a1-acceso-libre-primer-ejercicio-2016-71,2016,71,25,scanned_pdf_ocr_requires_visual_review;suspected_ocr_word_corruption,needs_review,https://www.miteco.gob.es/content/dam/miteco/es/ministerio/empleo-publico/personal-funcionario/cuestionario_tcm30-96165.pdf,Open the source PDF at the listed page and compare statement plus all four options before updating the bank.
aemet-a1-acceso-libre-primer-ejercicio-2016-72,2016,72,25,scanned_pdf_ocr_requires_visual_review;pdf_page_header_or_footer_embedded;suspected_ocr_word_corruption,needs_review,https://www.miteco.gob.es/content/dam/miteco/es/ministerio/empleo-publico/personal-funcionario/cuestionario_tcm30-96165.pdf,Open the source PDF at the listed page and compare statement plus all four options before updating the bank.
aemet-a1-acceso-libre-primer-ejercicio-2016-73,2016,73,26,scanned_pdf_ocr_requires_visual_review;suspected_ocr_word_corruption,needs_review,https://www.miteco.gob.es/content/dam/miteco/es/ministerio/empleo-publico/personal-funcionario/cuestionario_tcm30-96165.pdf,Open the source PDF at the listed page and compare statement plus all four options before updating the bank.
aemet-a1-acceso-libre-primer-ejercicio-2016-74,2016,74,26,scanned_pdf_ocr_requires_visual_review,needs_review,https://www.miteco.gob.es/content/dam/miteco/es/ministerio/empleo-publico/personal-funcionario/cuestionario_tcm30-96165.pdf,Open the source PDF at the listed page and compare statement plus all four options before updating the bank.
aemet-a1-acceso-libre-primer-ejercicio-2016-76,2016,76,26,scanned_pdf_ocr_requires_visual_review;pdf_page_header_or_footer_embedded;suspected_ocr_word_corruption,needs_review,https://www.miteco.gob.es/content/dam/miteco/es/ministerio/empleo-publico/personal-funcionario/cuestionario_tcm30-96165.pdf,Open the source PDF at the listed page and compare statement plus all four options before updating the bank.
aemet-a1-acceso-libre-primer-ejercicio-2016-77,2016,77,27,scanned_pdf_ocr_requires_visual_review;suspected_ocr_word_corruption,needs_review,https://www.miteco.gob.es/content/dam/miteco/es/ministerio/empleo-publico/personal-funcionario/cuestionario_tcm30-96165.pdf,Open the source PDF at the listed page and compare statement plus all four options before updating the bank.
aemet-a1-acceso-libre-primer-ejercicio-2016-78,2016,78,27,scanned_pdf_ocr_requires_visual_review;suspected_ocr_word_corruption,needs_review,https://www.miteco.gob.es/content/dam/miteco/es/ministerio/empleo-publico/personal-funcionario/cuestionario_tcm30-96165.pdf,Open the source PDF at the listed page and compare statement plus all four options before updating the bank.
aemet-a1-acceso-libre-primer-ejercicio-2016-79,2016,79,27,scanned_pdf_ocr_requires_visual_review;pdf_page_header_or_footer_embedded,needs_review,https://www.miteco.gob.es/content/dam/miteco/es/ministerio/empleo-publico/personal-funcionario/cuestionario_tcm30-96165.pdf,Open the source PDF at the listed page and compare statement plus all four options before updating the bank.
aemet-a1-acceso-libre-primer-ejercicio-2016-8,2016,8,3,scanned_pdf_ocr_requires_visual_review,needs_review,https://www.miteco.gob.es/content/dam/miteco/es/ministerio/empleo-publico/personal-funcionario/cuestionario_tcm30-96165.pdf,Open the source PDF at the listed page and compare statement plus all four options before updating the bank.
aemet-a1-acceso-libre-primer-ejercicio-2016-80,2016,80,28,scanned_pdf_ocr_requires_visual_review;suspected_ocr_word_corruption,needs_review,https://www.miteco.gob.es/content/dam/miteco/es/ministerio/empleo-publico/personal-funcionario/cuestionario_tcm30-96165.pdf,Open the source PDF at the listed page and compare statement plus all four options before updating the bank.
aemet-a1-acceso-libre-primer-ejercicio-2016-81,2016,81,28,scanned_pdf_ocr_requires_visual_review;suspected_ocr_word_corruption,needs_review,https://www.miteco.gob.es/content/dam/miteco/es/ministerio/empleo-publico/personal-funcionario/cuestionario_tcm30-96165.pdf,Open the source PDF at the listed page and compare statement plus all four options before updating the bank.
aemet-a1-acceso-libre-primer-ejercicio-2016-82,2016,82,28,scanned_pdf_ocr_requires_visual_review;pdf_page_header_or_footer_embedded,needs_review,https://www.miteco.gob.es/content/dam/miteco/es/ministerio/empleo-publico/personal-funcionario/cuestionario_tcm30-96165.pdf,Open the source PDF at the listed page and compare statement plus all four options before updating the bank.
aemet-a1-acceso-libre-primer-ejercicio-2016-83,2016,83,29,scanned_pdf_ocr_requires_visual_review;suspected_ocr_word_corruption,needs_review,https://www.miteco.gob.es/content/dam/miteco/es/ministerio/empleo-publico/personal-funcionario/cuestionario_tcm30-96165.pdf,Open the source PDF at the listed page and compare statement plus all four options before updating the bank.
aemet-a1-acceso-libre-primer-ejercicio-2016-84,2016,84,29,scanned_pdf_ocr_requires_visual_review,needs_review,https://www.miteco.gob.es/content/dam/miteco/es/ministerio/empleo-publico/personal-funcionario/cuestionario_tcm30-96165.pdf,Open the source PDF at the listed page and compare statement plus all four options before updating the bank.
aemet-a1-acceso-libre-primer-ejercicio-2016-86,2016,86,30,scanned_pdf_ocr_requires_visual_review,needs_review,https://www.miteco.gob.es/content/dam/miteco/es/ministerio/empleo-publico/personal-funcionario/cuestionario_tcm30-96165.pdf,Open the source PDF at the listed page and compare statement plus all four options before updating the bank.
aemet-a1-acceso-libre-primer-ejercicio-2016-87,2016,87,30,scanned_pdf_ocr_requires_visual_review,needs_review,https://www.miteco.gob.es/content/dam/miteco/es/ministerio/empleo-publico/personal-funcionario/cuestionario_tcm30-96165.pdf,Open the source PDF at the listed page and compare statement plus all four options before updating the bank.
aemet-a1-acceso-libre-primer-ejercicio-2016-88,2016,88,30,scanned_pdf_ocr_requires_visual_review;pdf_page_header_or_footer_embedded;suspected_ocr_word_corruption,needs_review,https://www.miteco.gob.es/content/dam/miteco/es/ministerio/empleo-publico/personal-funcionario/cuestionario_tcm30-96165.pdf,Open the source PDF at the listed page and compare statement plus all four options before updating the bank.
aemet-a1-acceso-libre-primer-ejercicio-2016-89,2016,89,31,scanned_pdf_ocr_requires_visual_review;suspected_ocr_word_corruption,needs_review,https://www.miteco.gob.es/content/dam/miteco/es/ministerio/empleo-publico/personal-funcionario/cuestionario_tcm30-96165.pdf,Open the source PDF at the listed page and compare statement plus all four options before updating the bank.
aemet-a1-acceso-libre-primer-ejercicio-2016-9,2016,9,3,scanned_pdf_ocr_requires_visual_review;pdf_page_header_or_footer_embedded,needs_review,https://www.miteco.gob.es/content/dam/miteco/es/ministerio/empleo-publico/personal-funcionario/cuestionario_tcm30-96165.pdf,Open the source PDF at the listed page and compare statement plus all four options before updating the bank.
aemet-a1-acceso-libre-primer-ejercicio-2016-90,2016,90,31,scanned_pdf_ocr_requires_visual_review;suspected_ocr_word_corruption,needs_review,https://www.miteco.gob.es/content/dam/miteco/es/ministerio/empleo-publico/personal-funcionario/cuestionario_tcm30-96165.pdf,Open the source PDF at the listed page and compare statement plus all four options before updating the bank.
aemet-a1-acceso-libre-primer-ejercicio-2016-91,2016,91,31,scanned_pdf_ocr_requires_visual_review;pdf_page_header_or_footer_embedded;suspected_ocr_word_corruption,needs_review,https://www.miteco.gob.es/content/dam/miteco/es/ministerio/empleo-publico/personal-funcionario/cuestionario_tcm30-96165.pdf,Open the source PDF at the listed page and compare statement plus all four options before updating the bank.
aemet-a1-acceso-libre-primer-ejercicio-2016-92,2016,92,32,scanned_pdf_ocr_requires_visual_review;suspected_ocr_word_corruption,needs_review,https://www.miteco.gob.es/content/dam/miteco/es/ministerio/empleo-publico/personal-funcionario/cuestionario_tcm30-96165.pdf,Open the source PDF at the listed page and compare statement plus all four options before updating the bank.
aemet-a1-acceso-libre-primer-ejercicio-2016-93,2016,93,32,scanned_pdf_ocr_requires_visual_review,needs_review,https://www.miteco.gob.es/content/dam/miteco/es/ministerio/empleo-publico/personal-funcionario/cuestionario_tcm30-96165.pdf,Open the source PDF at the listed page and compare statement plus all four options before updating the bank.
aemet-a1-acceso-libre-primer-ejercicio-2016-94,2016,94,32,scanned_pdf_ocr_requires_visual_review;pdf_page_header_or_footer_embedded;suspected_ocr_word_corruption,needs_review,https://www.miteco.gob.es/content/dam/miteco/es/ministerio/empleo-publico/personal-funcionario/cuestionario_tcm30-96165.pdf,Open the source PDF at the listed page and compare statement plus all four options before updating the bank.
aemet-a1-acceso-libre-primer-ejercicio-2016-96,2016,96,33,scanned_pdf_ocr_requires_visual_review,needs_review,https://www.miteco.gob.es/content/dam/miteco/es/ministerio/empleo-publico/personal-funcionario/cuestionario_tcm30-96165.pdf,Open the source PDF at the listed page and compare statement plus all four options before updating the bank.
aemet-a1-acceso-libre-primer-ejercicio-2016-97,2016,97,33,scanned_pdf_ocr_requires_visual_review;pdf_page_header_or_footer_embedded,needs_review,https://www.miteco.gob.es/content/dam/miteco/es/ministerio/empleo-publico/personal-funcionario/cuestionario_tcm30-96165.pdf,Open the source PDF at the listed page and compare statement plus all four options before updating the bank.
aemet-a1-acceso-libre-primer-ejercicio-2016-98,2016,98,34,scanned_pdf_ocr_requires_visual_review,needs_review,https://www.miteco.gob.es/content/dam/miteco/es/ministerio/empleo-publico/personal-funcionario/cuestionario_tcm30-96165.pdf,Open the source PDF at the listed page and compare statement plus all four options before updating the bank.
aemet-a1-acceso-libre-primer-ejercicio-2016-99,2016,99,34,scanned_pdf_ocr_requires_visual_review;suspected_ocr_word_corruption,needs_review,https://www.miteco.gob.es/content/dam/miteco/es/ministerio/empleo-publico/personal-funcionario/cuestionario_tcm30-96165.pdf,Open the source PDF at the listed page and compare statement plus all four options before updating the bank.
aemet-a1-acceso-libre-primer-ejercicio-2017-100,2017,100,28,pdf_page_header_or_footer_embedded,verified,https://www.miteco.gob.es/content/dam/miteco/es/ministerio/empleo-publico/personal-funcionario/primer_ejercicio_v2_tcm30-437875.pdf,Open the source PDF at the listed page and compare statement plus all four options before updating the bank.
aemet-a1-acceso-libre-primer-ejercicio-2017-12,2017,12,5,pdf_page_header_or_footer_embedded,verified,https://www.miteco.gob.es/content/dam/miteco/es/ministerio/empleo-publico/personal-funcionario/primer_ejercicio_v2_tcm30-437875.pdf,Open the source PDF at the listed page and compare statement plus all four options before updating the bank.
aemet-a1-acceso-libre-primer-ejercicio-2017-16,2017,16,6,pdf_page_header_or_footer_embedded,verified,https://www.miteco.gob.es/content/dam/miteco/es/ministerio/empleo-publico/personal-funcionario/primer_ejercicio_v2_tcm30-437875.pdf,Open the source PDF at the listed page and compare statement plus all four options before updating the bank.
aemet-a1-acceso-libre-primer-ejercicio-2017-21,2017,21,7,pdf_page_header_or_footer_embedded,verified,https://www.miteco.gob.es/content/dam/miteco/es/ministerio/empleo-publico/personal-funcionario/primer_ejercicio_v2_tcm30-437875.pdf,Open the source PDF at the listed page and compare statement plus all four options before updating the bank.
aemet-a1-acceso-libre-primer-ejercicio-2017-26,2017,26,8,pdf_page_header_or_footer_embedded,verified,https://www.miteco.gob.es/content/dam/miteco/es/ministerio/empleo-publico/personal-funcionario/primer_ejercicio_v2_tcm30-437875.pdf,Open the source PDF at the listed page and compare statement plus all four options before updating the bank.
aemet-a1-acceso-libre-primer-ejercicio-2017-30,2017,30,9,pdf_page_header_or_footer_embedded,verified,https://www.miteco.gob.es/content/dam/miteco/es/ministerio/empleo-publico/personal-funcionario/primer_ejercicio_v2_tcm30-437875.pdf,Open the source PDF at the listed page and compare statement plus all four options before updating the bank.
aemet-a1-acceso-libre-primer-ejercicio-2017-34,2017,34,10,pdf_page_header_or_footer_embedded,verified,https://www.miteco.gob.es/content/dam/miteco/es/ministerio/empleo-publico/personal-funcionario/primer_ejercicio_v2_tcm30-437875.pdf,Open the source PDF at the listed page and compare statement plus all four options before updating the bank.
aemet-a1-acceso-libre-primer-ejercicio-2017-38,2017,38,11,pdf_page_header_or_footer_embedded,verified,https://www.miteco.gob.es/content/dam/miteco/es/ministerio/empleo-publico/personal-funcionario/primer_ejercicio_v2_tcm30-437875.pdf,Open the source PDF at the listed page and compare statement plus all four options before updating the bank.
aemet-a1-acceso-libre-primer-ejercicio-2017-4,2017,4,3,pdf_page_header_or_footer_embedded,verified,https://www.miteco.gob.es/content/dam/miteco/es/ministerio/empleo-publico/personal-funcionario/primer_ejercicio_v2_tcm30-437875.pdf,Open the source PDF at the listed page and compare statement plus all four options before updating the bank.
aemet-a1-acceso-libre-primer-ejercicio-2017-42,2017,42,12,pdf_page_header_or_footer_embedded,verified,https://www.miteco.gob.es/content/dam/miteco/es/ministerio/empleo-publico/personal-funcionario/primer_ejercicio_v2_tcm30-437875.pdf,Open the source PDF at the listed page and compare statement plus all four options before updating the bank.
aemet-a1-acceso-libre-primer-ejercicio-2017-46,2017,46,13,pdf_page_header_or_footer_embedded,verified,https://www.miteco.gob.es/content/dam/miteco/es/ministerio/empleo-publico/personal-funcionario/primer_ejercicio_v2_tcm30-437875.pdf,Open the source PDF at the listed page and compare statement plus all four options before updating the bank.
aemet-a1-acceso-libre-primer-ejercicio-2017-48,2017,48,14,suspected_ocr_word_corruption,verified,https://www.miteco.gob.es/content/dam/miteco/es/ministerio/empleo-publico/personal-funcionario/primer_ejercicio_v2_tcm30-437875.pdf,Open the source PDF at the listed page and compare statement plus all four options before updating the bank.
aemet-a1-acceso-libre-primer-ejercicio-2017-50,2017,50,14,pdf_page_header_or_footer_embedded,verified,https://www.miteco.gob.es/content/dam/miteco/es/ministerio/empleo-publico/personal-funcionario/primer_ejercicio_v2_tcm30-437875.pdf,Open the source PDF at the listed page and compare statement plus all four options before updating the bank.
aemet-a1-acceso-libre-primer-ejercicio-2017-54,2017,54,15,pdf_page_header_or_footer_embedded,verified,https://www.miteco.gob.es/content/dam/miteco/es/ministerio/empleo-publico/personal-funcionario/primer_ejercicio_v2_tcm30-437875.pdf,Open the source PDF at the listed page and compare statement plus all four options before updating the bank.
aemet-a1-acceso-libre-primer-ejercicio-2017-58,2017,58,16,pdf_page_header_or_footer_embedded,verified,https://www.miteco.gob.es/content/dam/miteco/es/ministerio/empleo-publico/personal-funcionario/primer_ejercicio_v2_tcm30-437875.pdf,Open the source PDF at the listed page and compare statement plus all four options before updating the bank.
aemet-a1-acceso-libre-primer-ejercicio-2017-62,2017,62,17,pdf_page_header_or_footer_embedded,verified,https://www.miteco.gob.es/content/dam/miteco/es/ministerio/empleo-publico/personal-funcionario/primer_ejercicio_v2_tcm30-437875.pdf,Open the source PDF at the listed page and compare statement plus all four options before updating the bank.
aemet-a1-acceso-libre-primer-ejercicio-2017-66,2017,66,18,pdf_page_header_or_footer_embedded,verified,https://www.miteco.gob.es/content/dam/miteco/es/ministerio/empleo-publico/personal-funcionario/primer_ejercicio_v2_tcm30-437875.pdf,Open the source PDF at the listed page and compare statement plus all four options before updating the bank.
aemet-a1-acceso-libre-primer-ejercicio-2017-70,2017,70,19,pdf_page_header_or_footer_embedded,verified,https://www.miteco.gob.es/content/dam/miteco/es/ministerio/empleo-publico/personal-funcionario/primer_ejercicio_v2_tcm30-437875.pdf,Open the source PDF at the listed page and compare statement plus all four options before updating the bank.
aemet-a1-acceso-libre-primer-ejercicio-2017-74,2017,74,20,pdf_page_header_or_footer_embedded,verified,https://www.miteco.gob.es/content/dam/miteco/es/ministerio/empleo-publico/personal-funcionario/primer_ejercicio_v2_tcm30-437875.pdf,Open the source PDF at the listed page and compare statement plus all four options before updating the bank.
aemet-a1-acceso-libre-primer-ejercicio-2017-78,2017,78,21,pdf_page_header_or_footer_embedded,verified,https://www.miteco.gob.es/content/dam/miteco/es/ministerio/empleo-publico/personal-funcionario/primer_ejercicio_v2_tcm30-437875.pdf,Open the source PDF at the listed page and compare statement plus all four options before updating the bank.
aemet-a1-acceso-libre-primer-ejercicio-2017-82,2017,82,22,pdf_page_header_or_footer_embedded,verified,https://www.miteco.gob.es/content/dam/miteco/es/ministerio/empleo-publico/personal-funcionario/primer_ejercicio_v2_tcm30-437875.pdf,Open the source PDF at the listed page and compare statement plus all four options before updating the bank.
aemet-a1-acceso-libre-primer-ejercicio-2017-86,2017,86,23,pdf_page_header_or_footer_embedded,verified,https://www.miteco.gob.es/content/dam/miteco/es/ministerio/empleo-publico/personal-funcionario/primer_ejercicio_v2_tcm30-437875.pdf,Open the source PDF at the listed page and compare statement plus all four options before updating the bank.
aemet-a1-acceso-libre-primer-ejercicio-2017-89,2017,89,24,pdf_page_header_or_footer_embedded,verified,https://www.miteco.gob.es/content/dam/miteco/es/ministerio/empleo-publico/personal-funcionario/primer_ejercicio_v2_tcm30-437875.pdf,Open the source PDF at the listed page and compare statement plus all four options before updating the bank.
aemet-a1-acceso-libre-primer-ejercicio-2017-91,2017,91,25,pdf_page_header_or_footer_embedded,verified,https://www.miteco.gob.es/content/dam/miteco/es/ministerio/empleo-publico/personal-funcionario/primer_ejercicio_v2_tcm30-437875.pdf,Open the source PDF at the listed page and compare statement plus all four options before updating the bank.
aemet-a1-acceso-libre-primer-ejercicio-2017-93,2017,93,26,pdf_page_header_or_footer_embedded,verified,https://www.miteco.gob.es/content/dam/miteco/es/ministerio/empleo-publico/personal-funcionario/primer_ejercicio_v2_tcm30-437875.pdf,Open the source PDF at the listed page and compare statement plus all four options before updating the bank.
aemet-a1-acceso-libre-primer-ejercicio-2018-100,2018,100,34,pdf_page_header_or_footer_embedded,verified,https://www.miteco.gob.es/content/dam/miteco/es/ministerio/empleo-publico/personal-funcionario/cuestionario_primerejercicio_libre_cs_meteorologos_tcm30-498497.pdf,Open the source PDF at the listed page and compare statement plus all four options before updating the bank.
aemet-a1-acceso-libre-primer-ejercicio-2018-11,2018,11,5,unexpected_non_latin_script,verified,https://www.miteco.gob.es/content/dam/miteco/es/ministerio/empleo-publico/personal-funcionario/cuestionario_primerejercicio_libre_cs_meteorologos_tcm30-498497.pdf,Open the source PDF at the listed page and compare statement plus all four options before updating the bank.
aemet-a1-acceso-libre-primer-ejercicio-2018-12,2018,12,5,pdf_page_header_or_footer_embedded;unexpected_non_latin_script,verified,https://www.miteco.gob.es/content/dam/miteco/es/ministerio/empleo-publico/personal-funcionario/cuestionario_primerejercicio_libre_cs_meteorologos_tcm30-498497.pdf,Open the source PDF at the listed page and compare statement plus all four options before updating the bank.
aemet-a1-acceso-libre-primer-ejercicio-2018-14,2018,14,6,unexpected_non_latin_script,verified,https://www.miteco.gob.es/content/dam/miteco/es/ministerio/empleo-publico/personal-funcionario/cuestionario_primerejercicio_libre_cs_meteorologos_tcm30-498497.pdf,Open the source PDF at the listed page and compare statement plus all four options before updating the bank.
aemet-a1-acceso-libre-primer-ejercicio-2018-15,2018,15,6,pdf_page_header_or_footer_embedded;unexpected_non_latin_script,verified,https://www.miteco.gob.es/content/dam/miteco/es/ministerio/empleo-publico/personal-funcionario/cuestionario_primerejercicio_libre_cs_meteorologos_tcm30-498497.pdf,Open the source PDF at the listed page and compare statement plus all four options before updating the bank.
aemet-a1-acceso-libre-primer-ejercicio-2018-16,2018,16,7,unexpected_non_latin_script,verified,https://www.miteco.gob.es/content/dam/miteco/es/ministerio/empleo-publico/personal-funcionario/cuestionario_primerejercicio_libre_cs_meteorologos_tcm30-498497.pdf,Open the source PDF at the listed page and compare statement plus all four options before updating the bank.
aemet-a1-acceso-libre-primer-ejercicio-2018-18,2018,18,7,pdf_page_header_or_footer_embedded;unexpected_non_latin_script,verified,https://www.miteco.gob.es/content/dam/miteco/es/ministerio/empleo-publico/personal-funcionario/cuestionario_primerejercicio_libre_cs_meteorologos_tcm30-498497.pdf,Open the source PDF at the listed page and compare statement plus all four options before updating the bank.
aemet-a1-acceso-libre-primer-ejercicio-2018-2,2018,2,2,unexpected_non_latin_script,verified,https://www.miteco.gob.es/content/dam/miteco/es/ministerio/empleo-publico/personal-funcionario/cuestionario_primerejercicio_libre_cs_meteorologos_tcm30-498497.pdf,Open the source PDF at the listed page and compare statement plus all four options before updating the bank.
aemet-a1-acceso-libre-primer-ejercicio-2018-20,2018,20,8,unexpected_non_latin_script,verified,https://www.miteco.gob.es/content/dam/miteco/es/ministerio/empleo-publico/personal-funcionario/cuestionario_primerejercicio_libre_cs_meteorologos_tcm30-498497.pdf,Open the source PDF at the listed page and compare statement plus all four options before updating the bank.
aemet-a1-acceso-libre-primer-ejercicio-2018-21,2018,21,8,pdf_page_header_or_footer_embedded,verified,https://www.miteco.gob.es/content/dam/miteco/es/ministerio/empleo-publico/personal-funcionario/cuestionario_primerejercicio_libre_cs_meteorologos_tcm30-498497.pdf,Open the source PDF at the listed page and compare statement plus all four options before updating the bank.
aemet-a1-acceso-libre-primer-ejercicio-2018-23,2018,23,9,unexpected_non_latin_script,verified,https://www.miteco.gob.es/content/dam/miteco/es/ministerio/empleo-publico/personal-funcionario/cuestionario_primerejercicio_libre_cs_meteorologos_tcm30-498497.pdf,Open the source PDF at the listed page and compare statement plus all four options before updating the bank.
aemet-a1-acceso-libre-primer-ejercicio-2018-24,2018,24,9,pdf_page_header_or_footer_embedded,verified,https://www.miteco.gob.es/content/dam/miteco/es/ministerio/empleo-publico/personal-funcionario/cuestionario_primerejercicio_libre_cs_meteorologos_tcm30-498497.pdf,Open the source PDF at the listed page and compare statement plus all four options before updating the bank.
aemet-a1-acceso-libre-primer-ejercicio-2018-27,2018,27,10,unexpected_non_latin_script,verified,https://www.miteco.gob.es/content/dam/miteco/es/ministerio/empleo-publico/personal-funcionario/cuestionario_primerejercicio_libre_cs_meteorologos_tcm30-498497.pdf,Open the source PDF at the listed page and compare statement plus all four options before updating the bank.
aemet-a1-acceso-libre-primer-ejercicio-2018-28,2018,28,10,pdf_page_header_or_footer_embedded;unexpected_non_latin_script,verified,https://www.miteco.gob.es/content/dam/miteco/es/ministerio/empleo-publico/personal-funcionario/cuestionario_primerejercicio_libre_cs_meteorologos_tcm30-498497.pdf,Open the source PDF at the listed page and compare statement plus all four options before updating the bank.
aemet-a1-acceso-libre-primer-ejercicio-2018-29,2018,29,11,unexpected_non_latin_script,verified,https://www.miteco.gob.es/content/dam/miteco/es/ministerio/empleo-publico/personal-funcionario/cuestionario_primerejercicio_libre_cs_meteorologos_tcm30-498497.pdf,Open the source PDF at the listed page and compare statement plus all four options before updating the bank.
aemet-a1-acceso-libre-primer-ejercicio-2018-3,2018,3,2,pdf_page_header_or_footer_embedded,verified,https://www.miteco.gob.es/content/dam/miteco/es/ministerio/empleo-publico/personal-funcionario/cuestionario_primerejercicio_libre_cs_meteorologos_tcm30-498497.pdf,Open the source PDF at the listed page and compare statement plus all four options before updating the bank.
aemet-a1-acceso-libre-primer-ejercicio-2018-31,2018,31,11,pdf_page_header_or_footer_embedded,verified,https://www.miteco.gob.es/content/dam/miteco/es/ministerio/empleo-publico/personal-funcionario/cuestionario_primerejercicio_libre_cs_meteorologos_tcm30-498497.pdf,Open the source PDF at the listed page and compare statement plus all four options before updating the bank.
aemet-a1-acceso-libre-primer-ejercicio-2018-35,2018,35,12,pdf_page_header_or_footer_embedded,verified,https://www.miteco.gob.es/content/dam/miteco/es/ministerio/empleo-publico/personal-funcionario/cuestionario_primerejercicio_libre_cs_meteorologos_tcm30-498497.pdf,Open the source PDF at the listed page and compare statement plus all four options before updating the bank.
aemet-a1-acceso-libre-primer-ejercicio-2018-37,2018,37,13,unexpected_non_latin_script,verified,https://www.miteco.gob.es/content/dam/miteco/es/ministerio/empleo-publico/personal-funcionario/cuestionario_primerejercicio_libre_cs_meteorologos_tcm30-498497.pdf,Open the source PDF at the listed page and compare statement plus all four options before updating the bank.
aemet-a1-acceso-libre-primer-ejercicio-2018-38,2018,38,13,pdf_page_header_or_footer_embedded;unexpected_non_latin_script,verified,https://www.miteco.gob.es/content/dam/miteco/es/ministerio/empleo-publico/personal-funcionario/cuestionario_primerejercicio_libre_cs_meteorologos_tcm30-498497.pdf,Open the source PDF at the listed page and compare statement plus all four options before updating the bank.
aemet-a1-acceso-libre-primer-ejercicio-2018-4,2018,4,3,unexpected_non_latin_script,verified,https://www.miteco.gob.es/content/dam/miteco/es/ministerio/empleo-publico/personal-funcionario/cuestionario_primerejercicio_libre_cs_meteorologos_tcm30-498497.pdf,Open the source PDF at the listed page and compare statement plus all four options before updating the bank.
aemet-a1-acceso-libre-primer-ejercicio-2018-41,2018,41,14,pdf_page_header_or_footer_embedded,verified,https://www.miteco.gob.es/content/dam/miteco/es/ministerio/empleo-publico/personal-funcionario/cuestionario_primerejercicio_libre_cs_meteorologos_tcm30-498497.pdf,Open the source PDF at the listed page and compare statement plus all four options before updating the bank.
aemet-a1-acceso-libre-primer-ejercicio-2018-43,2018,43,15,unexpected_non_latin_script,verified,https://www.miteco.gob.es/content/dam/miteco/es/ministerio/empleo-publico/personal-funcionario/cuestionario_primerejercicio_libre_cs_meteorologos_tcm30-498497.pdf,Open the source PDF at the listed page and compare statement plus all four options before updating the bank.
aemet-a1-acceso-libre-primer-ejercicio-2018-44,2018,44,15,pdf_page_header_or_footer_embedded;unexpected_non_latin_script,verified,https://www.miteco.gob.es/content/dam/miteco/es/ministerio/empleo-publico/personal-funcionario/cuestionario_primerejercicio_libre_cs_meteorologos_tcm30-498497.pdf,Open the source PDF at the listed page and compare statement plus all four options before updating the bank.
aemet-a1-acceso-libre-primer-ejercicio-2018-48,2018,48,16,pdf_page_header_or_footer_embedded,verified,https://www.miteco.gob.es/content/dam/miteco/es/ministerio/empleo-publico/personal-funcionario/cuestionario_primerejercicio_libre_cs_meteorologos_tcm30-498497.pdf,Open the source PDF at the listed page and compare statement plus all four options before updating the bank.
aemet-a1-acceso-libre-primer-ejercicio-2018-5,2018,5,3,unexpected_non_latin_script,verified,https://www.miteco.gob.es/content/dam/miteco/es/ministerio/empleo-publico/personal-funcionario/cuestionario_primerejercicio_libre_cs_meteorologos_tcm30-498497.pdf,Open the source PDF at the listed page and compare statement plus all four options before updating the bank.
aemet-a1-acceso-libre-primer-ejercicio-2018-51,2018,51,17,pdf_page_header_or_footer_embedded,verified,https://www.miteco.gob.es/content/dam/miteco/es/ministerio/empleo-publico/personal-funcionario/cuestionario_primerejercicio_libre_cs_meteorologos_tcm30-498497.pdf,Open the source PDF at the listed page and compare statement plus all four options before updating the bank.
aemet-a1-acceso-libre-primer-ejercicio-2018-55,2018,55,18,pdf_page_header_or_footer_embedded,verified,https://www.miteco.gob.es/content/dam/miteco/es/ministerio/empleo-publico/personal-funcionario/cuestionario_primerejercicio_libre_cs_meteorologos_tcm30-498497.pdf,Open the source PDF at the listed page and compare statement plus all four options before updating the bank.
aemet-a1-acceso-libre-primer-ejercicio-2018-58,2018,58,19,pdf_page_header_or_footer_embedded,verified,https://www.miteco.gob.es/content/dam/miteco/es/ministerio/empleo-publico/personal-funcionario/cuestionario_primerejercicio_libre_cs_meteorologos_tcm30-498497.pdf,Open the source PDF at the listed page and compare statement plus all four options before updating the bank.
aemet-a1-acceso-libre-primer-ejercicio-2018-6,2018,6,3,pdf_page_header_or_footer_embedded;unexpected_non_latin_script,verified,https://www.miteco.gob.es/content/dam/miteco/es/ministerio/empleo-publico/personal-funcionario/cuestionario_primerejercicio_libre_cs_meteorologos_tcm30-498497.pdf,Open the source PDF at the listed page and compare statement plus all four options before updating the bank.
aemet-a1-acceso-libre-primer-ejercicio-2018-61,2018,61,20,pdf_page_header_or_footer_embedded,verified,https://www.miteco.gob.es/content/dam/miteco/es/ministerio/empleo-publico/personal-funcionario/cuestionario_primerejercicio_libre_cs_meteorologos_tcm30-498497.pdf,Open the source PDF at the listed page and compare statement plus all four options before updating the bank.
aemet-a1-acceso-libre-primer-ejercicio-2018-64,2018,64,21,pdf_page_header_or_footer_embedded,verified,https://www.miteco.gob.es/content/dam/miteco/es/ministerio/empleo-publico/personal-funcionario/cuestionario_primerejercicio_libre_cs_meteorologos_tcm30-498497.pdf,Open the source PDF at the listed page and compare statement plus all four options before updating the bank.
aemet-a1-acceso-libre-primer-ejercicio-2018-66,2018,66,22,unexpected_non_latin_script,verified,https://www.miteco.gob.es/content/dam/miteco/es/ministerio/empleo-publico/personal-funcionario/cuestionario_primerejercicio_libre_cs_meteorologos_tcm30-498497.pdf,Open the source PDF at the listed page and compare statement plus all four options before updating the bank.
aemet-a1-acceso-libre-primer-ejercicio-2018-69,2018,69,23,unexpected_non_latin_script,verified,https://www.miteco.gob.es/content/dam/miteco/es/ministerio/empleo-publico/personal-funcionario/cuestionario_primerejercicio_libre_cs_meteorologos_tcm30-498497.pdf,Open the source PDF at the listed page and compare statement plus all four options before updating the bank.
aemet-a1-acceso-libre-primer-ejercicio-2018-7,2018,7,4,unexpected_non_latin_script,verified,https://www.miteco.gob.es/content/dam/miteco/es/ministerio/empleo-publico/personal-funcionario/cuestionario_primerejercicio_libre_cs_meteorologos_tcm30-498497.pdf,Open the source PDF at the listed page and compare statement plus all four options before updating the bank.
aemet-a1-acceso-libre-primer-ejercicio-2018-71,2018,71,23,pdf_page_header_or_footer_embedded,verified,https://www.miteco.gob.es/content/dam/miteco/es/ministerio/empleo-publico/personal-funcionario/cuestionario_primerejercicio_libre_cs_meteorologos_tcm30-498497.pdf,Open the source PDF at the listed page and compare statement plus all four options before updating the bank.
aemet-a1-acceso-libre-primer-ejercicio-2018-75,2018,75,24,pdf_page_header_or_footer_embedded,verified,https://www.miteco.gob.es/content/dam/miteco/es/ministerio/empleo-publico/personal-funcionario/cuestionario_primerejercicio_libre_cs_meteorologos_tcm30-498497.pdf,Open the source PDF at the listed page and compare statement plus all four options before updating the bank.
aemet-a1-acceso-libre-primer-ejercicio-2018-78,2018,78,25,pdf_page_header_or_footer_embedded,verified,https://www.miteco.gob.es/content/dam/miteco/es/ministerio/empleo-publico/personal-funcionario/cuestionario_primerejercicio_libre_cs_meteorologos_tcm30-498497.pdf,Open the source PDF at the listed page and compare statement plus all four options before updating the bank.
aemet-a1-acceso-libre-primer-ejercicio-2018-82,2018,82,26,pdf_page_header_or_footer_embedded,verified,https://www.miteco.gob.es/content/dam/miteco/es/ministerio/empleo-publico/personal-funcionario/cuestionario_primerejercicio_libre_cs_meteorologos_tcm30-498497.pdf,Open the source PDF at the listed page and compare statement plus all four options before updating the bank.
aemet-a1-acceso-libre-primer-ejercicio-2018-85,2018,85,27,pdf_page_header_or_footer_embedded,verified,https://www.miteco.gob.es/content/dam/miteco/es/ministerio/empleo-publico/personal-funcionario/cuestionario_primerejercicio_libre_cs_meteorologos_tcm30-498497.pdf,Open the source PDF at the listed page and compare statement plus all four options before updating the bank.
aemet-a1-acceso-libre-primer-ejercicio-2018-9,2018,9,4,pdf_page_header_or_footer_embedded;unexpected_non_latin_script,verified,https://www.miteco.gob.es/content/dam/miteco/es/ministerio/empleo-publico/personal-funcionario/cuestionario_primerejercicio_libre_cs_meteorologos_tcm30-498497.pdf,Open the source PDF at the listed page and compare statement plus all four options before updating the bank.
aemet-a1-acceso-libre-primer-ejercicio-2018-90,2018,90,29,pdf_page_header_or_footer_embedded,verified,https://www.miteco.gob.es/content/dam/miteco/es/ministerio/empleo-publico/personal-funcionario/cuestionario_primerejercicio_libre_cs_meteorologos_tcm30-498497.pdf,Open the source PDF at the listed page and compare statement plus all four options before updating the bank.
aemet-a1-acceso-libre-primer-ejercicio-2018-92,2018,92,30,pdf_page_header_or_footer_embedded,verified,https://www.miteco.gob.es/content/dam/miteco/es/ministerio/empleo-publico/personal-funcionario/cuestionario_primerejercicio_libre_cs_meteorologos_tcm30-498497.pdf,Open the source PDF at the listed page and compare statement plus all four options before updating the bank.
aemet-a1-acceso-libre-primer-ejercicio-2018-94,2018,94,31,pdf_page_header_or_footer_embedded,verified,https://www.miteco.gob.es/content/dam/miteco/es/ministerio/empleo-publico/personal-funcionario/cuestionario_primerejercicio_libre_cs_meteorologos_tcm30-498497.pdf,Open the source PDF at the listed page and compare statement plus all four options before updating the bank.
aemet-a1-acceso-libre-primer-ejercicio-2018-96,2018,96,32,pdf_page_header_or_footer_embedded,verified,https://www.miteco.gob.es/content/dam/miteco/es/ministerio/empleo-publico/personal-funcionario/cuestionario_primerejercicio_libre_cs_meteorologos_tcm30-498497.pdf,Open the source PDF at the listed page and compare statement plus all four options before updating the bank.
aemet-a1-acceso-libre-primer-ejercicio-2018-99,2018,99,33,pdf_page_header_or_footer_embedded,verified,https://www.miteco.gob.es/content/dam/miteco/es/ministerio/empleo-publico/personal-funcionario/cuestionario_primerejercicio_libre_cs_meteorologos_tcm30-498497.pdf,Open the source PDF at the listed page and compare statement plus all four options before updating the bank.
