year,exam,question_number,statement,option_a,option_b,option_c,option_d,correct_option,answer_key_status,question_source_url,answer_key_source_url,question_extraction_status,exclusion_reason
2014,AEMET A1 Acceso Libre — Primer ejercicio,57,ANULADA,,,,,B,official,https://www.aemet.es/documentos/es/empleo_y_becas/empleo_publico/oposiciones/grupo_a1/otras_convocatorias/ex_met_lib_2014.pdf,https://www.miteco.gob.es/content/dam/miteco/es/ministerio/servicios/empleo-publico/plantilla%20respuestas_tcm30-92321.pdf,text_extracted,official_annulled
2014,AEMET A1 Acceso Libre — Primer ejercicio,95,"Los contratos menores definidos en el artículo 138.3 del Real Decreto Legislativo 3/2011, de 14 de noviembre, por el que se aprueba la Ley de Contratos del Sector Público:",podrán ser objeto de prórroga cuando la duración del contrato sea superior a un año,podrán ser objeto de prórroga pero la duración del contrato debe ser inferior al año,no podrán tener una duración superior a un año ni ser objeto de prórroga,la ley no especifica ninguna limitación a su plazo de vigencia,C,official,https://www.aemet.es/documentos/es/empleo_y_becas/empleo_publico/oposiciones/grupo_a1/otras_convocatorias/ex_met_lib_2014.pdf,https://www.miteco.gob.es/content/dam/miteco/es/ministerio/servicios/empleo-publico/plantilla%20respuestas_tcm30-92321.pdf,text_extracted,stale_or_outside_current_program:Real Decreto Legislativo 3\/2011
2015,AEMET A1 Acceso Libre — Primer ejercicio,2,No es causa de nulidad de pleno Derecho según el artículo 62 de la Ley 30/1992 de 26 de noviembre de Régimen Jurídico de las Administraciones Públicas y del Procedimiento Administrativo Común:,Los actos que tengan un contenido imposible.,Los actos que sean constitutivos de una infracción penal o se dicten como consecuencia de ésta.,Los actos dictados por órgano manifiestamente incompetente por razón de la materia o jerarquía.,Cualquier otro acto que se establezca expresamente en una disposición de rango legal.,C,official,https://www.aemet.es/documentos/es/empleo_y_becas/empleo_publico/oposiciones/grupo_a1/otras_convocatorias/ex_met_lib_2015.pdf,https://www.miteco.gob.es/content/dam/miteco/es/ministerio/empleo-publico/personal-funcionario/plantilla_ejercicio1_meteorologos_libre_tcm30-94710.pdf,text_extracted,stale_or_outside_current_program:Ley 30\/1992
2015,AEMET A1 Acceso Libre — Primer ejercicio,23,El vector Q de Hoskins combina los dos términos forzantes de la ecuación omega de manera que:,Q representa las variaciones espaciales del campo de temperatura debidas a variaciones en el viento geostrófico.,"Q describe el flujo de calor diatérmico por unidad de masa debido a radiación, conducción y liberación de calor latente.",Q representa el cambio del gradiente horizontal de temperatura forzado por el movimiento geostrófico.,Q describe el forzamiento cuasigeostrófico del movimiento vertical.,ANULADA,official_annulled,https://www.aemet.es/documentos/es/empleo_y_becas/empleo_publico/oposiciones/grupo_a1/otras_convocatorias/ex_met_lib_2015.pdf,https://www.miteco.gob.es/content/dam/miteco/es/ministerio/empleo-publico/personal-funcionario/plantilla_ejercicio1_meteorologos_libre_tcm30-94710.pdf,text_extracted,official_annulled
2015,AEMET A1 Acceso Libre — Primer ejercicio,45,Según el artículo 83 de la Ley 30/1992 de 26 de noviembre de Régimen Jurídico de las Administraciones Públicas y del Procedimiento Administrativo Común:,"Salvo disposición expresa en contrario, los informes serán no facultativos pero sí vinculantes.","Salvo disposición expresa en contrario, los informes serán facultativos y no vinculantes.","Salvo disposición expresa en contrario, los informes serán facultativos y vinculantes.","Salvo disposición expresa en contrario, los informes no serán facultativos ni vinculantes",B,official,https://www.aemet.es/documentos/es/empleo_y_becas/empleo_publico/oposiciones/grupo_a1/otras_convocatorias/ex_met_lib_2015.pdf,https://www.miteco.gob.es/content/dam/miteco/es/ministerio/empleo-publico/personal-funcionario/plantilla_ejercicio1_meteorologos_libre_tcm30-94710.pdf,text_extracted,stale_or_outside_current_program:Ley 30\/1992
2015,AEMET A1 Acceso Libre — Primer ejercicio,50,De acuerdo con el artículo 109 de la Ley 30/1992 de 26 de noviembre de Régimen Jurídico de las Administraciones Públicas y del Procedimiento Administrativo Común NO ponen fin a la vía administrativa:,las resoluciones de los recursos de alzada.,"los acuerdos, pactos, convenios o contratos que no tengan la consideración de finalizadores del procedimiento.","las resoluciones de los órganos administrativos que carezcan de superior jerárquico, salvo que una Ley establezca lo contrario.","las demás resoluciones de órganos administrativos cuando una disposición legal o reglamentaria así lo establezca. __________________________________________________________________________________________ 14 Tribunal Calificador de las Pruebas Selectivas para el acceso al Cuerpo Superior de Meteorólogos del Estado, por el sistema general de acceso libre (Orden AAA/1378/2015 de 26 de junio; BOE 164, de 10 de julio de 2015) ______________________________________________________________________ PRIMER EJERCICIO (las respuestas ha de marcarlas en la Hoja de Examen) ___________________________________________________________________________________________",B,official,https://www.aemet.es/documentos/es/empleo_y_becas/empleo_publico/oposiciones/grupo_a1/otras_convocatorias/ex_met_lib_2015.pdf,https://www.miteco.gob.es/content/dam/miteco/es/ministerio/empleo-publico/personal-funcionario/plantilla_ejercicio1_meteorologos_libre_tcm30-94710.pdf,text_extracted,stale_or_outside_current_program:Ley 30\/1992
2015,AEMET A1 Acceso Libre — Primer ejercicio,55,Señale la afirmación FALSA:,La temperatura equivalente es la máxima temperatura que una parcela de aire húmedo puede alcanzar por condensación.,La temperatura del termómetro húmedo es la temperatura mínima que una parcela de aire húmedo puede alcanzar por evaporación.,La temperatura del termómetro húmedo es invariante en las evaporaciones y condensaciones isentálpicas.,"Si dos masas de aire tienen la misma temperatura equivalente y una de ellas está saturada, su temperatura será la temperatura del termómetro húmedo de la otra.",ANULADA,official_annulled,https://www.aemet.es/documentos/es/empleo_y_becas/empleo_publico/oposiciones/grupo_a1/otras_convocatorias/ex_met_lib_2015.pdf,https://www.miteco.gob.es/content/dam/miteco/es/ministerio/empleo-publico/personal-funcionario/plantilla_ejercicio1_meteorologos_libre_tcm30-94710.pdf,text_extracted,official_annulled
2015,AEMET A1 Acceso Libre — Primer ejercicio,86,"Según el estándar SQL, una transacción es una secuencia de operaciones que:",se inicia con una secuencia BEGIN TRANSACTION y termina con una sentencia END TRANSACTION.,"si se termina con una sentencia ROLLBACK, todos los cambios realizados desde el inicio de la sesión son cancelados.",se inicia con la llamada a un procedimiento y se finaliza con una sentencia COMMIT o ROLLBACK.,"si no finaliza con una sentencia COMMIT, el sistema debe devolver un mensaje de error.",ANULADA,official_annulled,https://www.aemet.es/documentos/es/empleo_y_becas/empleo_publico/oposiciones/grupo_a1/otras_convocatorias/ex_met_lib_2015.pdf,https://www.miteco.gob.es/content/dam/miteco/es/ministerio/empleo-publico/personal-funcionario/plantilla_ejercicio1_meteorologos_libre_tcm30-94710.pdf,text_extracted,official_annulled
2016,AEMET A1 Acceso Libre — Primer ejercicio,11,"Dadas dos variables aleatorias X e Y, independientes e idénticamente distribuidas, para (X-Y) siempre se cumple que:",tiene coeficiente de asimetria 0.,tiene coeficiente de curtosis 0.,tiene desviacién estandar O.,var (X-¥) = 2 var(X).,ANULADA,official_annulled,https://www.miteco.gob.es/content/dam/miteco/es/ministerio/empleo-publico/personal-funcionario/cuestionario_tcm30-96165.pdf,https://www.miteco.gob.es/content/dam/miteco/es/ministerio/empleo-publico/personal-funcionario/resolucion__correccionplantilladefc_sup_meteorologos_libre_sf-fp_tcm30-96168.pdf,ocr_needs_visual_review,official_annulled
2016,AEMET A1 Acceso Libre — Primer ejercicio,13,"Dadas tres variables aleatorias X, Y, Z, idénticamente distribuidas con funcidn de distribucion F(x) e independientes entre si, la funcién de densidad del maximo de (X, Y, Z) vale:",F?(x),2 F*(x) dF(x)/dx,1-2 F*(x),"(dF(x)/dx)? Pregunita n2 14: Suponga que realiza 1000 aplicaciones de un test estadistico cumpliéndose en todas la hipétesis nula, trabajando al nivel de significacidn 0.05. Entonces, se puede afirmar que:",ANULADA,official_annulled,https://www.miteco.gob.es/content/dam/miteco/es/ministerio/empleo-publico/personal-funcionario/cuestionario_tcm30-96165.pdf,https://www.miteco.gob.es/content/dam/miteco/es/ministerio/empleo-publico/personal-funcionario/resolucion__correccionplantilladefc_sup_meteorologos_libre_sf-fp_tcm30-96168.pdf,ocr_needs_visual_review,official_annulled
2016,AEMET A1 Acceso Libre — Primer ejercicio,25,"Sea una esfera de masa m, se desliza sin friccidn a lo largo de un alambre doblado en forma de una cicloide x = a(¢—sin ¢), y = (g —cos¢) en el seno de un campo gravitatorio que actua en paralelo al eje y en sentido descendente. Indique la afirmacidn correcta, si se considera s el desplazamiento sobre la cicloide: . : | er. sae","el Lagrangiano del sistema es L = aims mgs""","el desplazamiento de la esfera a lo largo de la cicloide, definido desde su base toma valores entre—4ay 4a.",se describe por la ecuacién de movimiento de un oscilador armédnico simple de frecuencia @ = | 2a anh : mg,laecuacidn de Lagrange del sistema ms =——— s. a,ANULADA,official_annulled,https://www.miteco.gob.es/content/dam/miteco/es/ministerio/empleo-publico/personal-funcionario/cuestionario_tcm30-96165.pdf,https://www.miteco.gob.es/content/dam/miteco/es/ministerio/empleo-publico/personal-funcionario/resolucion__correccionplantilladefc_sup_meteorologos_libre_sf-fp_tcm30-96168.pdf,ocr_needs_visual_review,official_annulled
2016,AEMET A1 Acceso Libre — Primer ejercicio,26,"Un cuerpo A describe una orbita kepleriana alrededor de otro cuerpo B que podemos suponer en reposo. Cuando la distancia entre los cuerpos es maxima, la velocidad angular de A respecto a B es de 1 rad s? y su distancia es 4m. Cuando el radio vector que une ambos cuerpos ha girado 45° respecto de la anterior posicién, su distancia se ha reducido a 3 m. En ese momento la componente de la velocidad de B perpendicular al radio vector toma un valor de:",4/3 ms*,16/3 ms?,J2 4/3 ms?,"V2 3/4ms7 ee ee ———— SS 2 Tribunal Calificador de las Pruebas Selectivas para el acceso al 7 a Cuerpo Superior de Meteordélogos del Estado, por el sistema general de acceso libre ail S (Orden AAA/902/2016, de 7 de junio; BOE 139, de 9 de junio) ze! + | l) eee PRIMER EJERCICIO (las respuestas ha de marcarlas en la Hoja de Examen) eee",ANULADA,official_annulled,https://www.miteco.gob.es/content/dam/miteco/es/ministerio/empleo-publico/personal-funcionario/cuestionario_tcm30-96165.pdf,https://www.miteco.gob.es/content/dam/miteco/es/ministerio/empleo-publico/personal-funcionario/resolucion__correccionplantilladefc_sup_meteorologos_libre_sf-fp_tcm30-96168.pdf,ocr_needs_visual_review,official_annulled
2016,AEMET A1 Acceso Libre — Primer ejercicio,50,Sefiale la afirmacién correcta. En un diagrama oblicuo:,las lineas adiabaticas y las pseudoadiabaticas seran practicamente coincidentes a bajas temperaturas.,entre las equisaturadas y las isotermas se encuentran las adiabaticas saturadas.,si la curva de la temperatura se encuentra entre la pseusoadiabatica y la adiabatica | seca se tiene inestabilidad.,el nivel de equilibrio se calcula al ascender desde el nivel de conveccién por ascenso por la adiabatica saturada hasta cortar a la curva de la temperatura. |,ANULADA,official_annulled,https://www.miteco.gob.es/content/dam/miteco/es/ministerio/empleo-publico/personal-funcionario/cuestionario_tcm30-96165.pdf,https://www.miteco.gob.es/content/dam/miteco/es/ministerio/empleo-publico/personal-funcionario/resolucion__correccionplantilladefc_sup_meteorologos_libre_sf-fp_tcm30-96168.pdf,ocr_needs_visual_review,official_annulled
2016,AEMET A1 Acceso Libre — Primer ejercicio,75,éCual de los siguientes factores no contribuye a la frontogénesis en superficie?,Cizalladura horizontal del gradiente horizontal de temperatura.,Confluencia del gradiente horizontal de temperatura.,Inclinacién del gradiente vertical de temperatura.,Variacion horizontal del calentamiento adiabatico.,ANULADA,official_annulled,https://www.miteco.gob.es/content/dam/miteco/es/ministerio/empleo-publico/personal-funcionario/cuestionario_tcm30-96165.pdf,https://www.miteco.gob.es/content/dam/miteco/es/ministerio/empleo-publico/personal-funcionario/resolucion__correccionplantilladefc_sup_meteorologos_libre_sf-fp_tcm30-96168.pdf,ocr_needs_visual_review,official_annulled
2016,AEMET A1 Acceso Libre — Primer ejercicio,85,Sefiale la afirmacidn correcta:,"La salinidad del océano Atlantico es en promedio mayor que la del océano Pacifico, y en ambos la menor salinidad se da en latitudes altas septentrionales.","La salinidad del océano Antartico es menor que del océano Artico, pero mayor que en la zona de convergencia intertropical.","La distribucidén global de la salinidad a 1000 m de profundidad es similar a la de la superficie, y destaca el maximo en el Atlantico Norte oriental debido a las aguas de origen mediterraneo.","Los cambios de densidad en el océano global causados por la compresibilidad son menores que los causados por cambios en la salinidad y temperatura. 29 —_ Tribunal Calificador de las Pruebas Selectivas para el acceso al aS. a Cuerpo Superior de Meteordlogos del Estado, por el sistema general de acceso libre ~ || (Orden AAA/902/2016, de 7 de junio; BOE 139, de 9 de junio) 8 _ s PRIMER EJERCICIO (las respuestas ha de marcarlas en la Hoja de Examen) ee",ANULADA,official_annulled,https://www.miteco.gob.es/content/dam/miteco/es/ministerio/empleo-publico/personal-funcionario/cuestionario_tcm30-96165.pdf,https://www.miteco.gob.es/content/dam/miteco/es/ministerio/empleo-publico/personal-funcionario/resolucion__correccionplantilladefc_sup_meteorologos_libre_sf-fp_tcm30-96168.pdf,ocr_needs_visual_review,official_annulled
2016,AEMET A1 Acceso Libre — Primer ejercicio,95,éCual de los siguientes procesos no es un forzamiento relevante segun el IPCC?,Las estelas de condensacidn de los aviones.,Las emisiones volcanicas.,Las variaciones en la magnetosfera.,"La ionizacion solar modulada de rayos cdsmicos atmosféricos,",ANULADA,official_annulled,https://www.miteco.gob.es/content/dam/miteco/es/ministerio/empleo-publico/personal-funcionario/cuestionario_tcm30-96165.pdf,https://www.miteco.gob.es/content/dam/miteco/es/ministerio/empleo-publico/personal-funcionario/resolucion__correccionplantilladefc_sup_meteorologos_libre_sf-fp_tcm30-96168.pdf,ocr_needs_visual_review,official_annulled
2017,AEMET A1 Acceso Libre — Primer ejercicio,8,"Siendo c1 y c2 constantes arbitrarias, la solución de la ecuación diferencial 2y’’ - y’ - 1 = 0 es:",y = c1e-2x +c2ex,y = c1e2x +c2ex,y = c1ex/2 +c2ex,"y = c1e-x/2 +c2ex 4 | 28 Tribunal Calificador de las Pruebas Selectivas para el acceso al Cuerpo Superior de Meteorólogos del Estado (Resolución del 12 de septiembre de la Subsecretaria del Ministerio de Agricultura y Pesca, Alimentación y Medio Ambiente; BOE 225, de 18 de septiembre) PRIMER EJERCICIO",ANULADA,official_annulled,https://www.miteco.gob.es/content/dam/miteco/es/ministerio/empleo-publico/personal-funcionario/primer_ejercicio_v2_tcm30-437875.pdf,https://www.miteco.gob.es/content/dam/miteco/es/ministerio/empleo-publico/personal-funcionario/resolucion2017__plantillarespuestas_definitiva_pe_sello_tcm30-439946.pdf,text_extracted,official_annulled
2017,AEMET A1 Acceso Libre — Primer ejercicio,97,"El III Plan de Acción de España 2017-2019 de Alianza para el Gobierno Abierto se estructura en cinco ejes denominados “Eje Colaboración”, “Eje Participación”, “Eje Transparencia”, “Eje Rendición de Cuentas” y “Eje Formación”. ¿Cuál de los siguientes compromisos se integra en el Eje Transparencia?",Presupuestos participativos.,Información sobre violencia de género.,Impulsar los Datos Abiertos como instrumento para una Justicia Abierta en España.,"Carpeta ciudadana. 27 | 28 Tribunal Calificador de las Pruebas Selectivas para el acceso al Cuerpo Superior de Meteorólogos del Estado (Resolución del 12 de septiembre de la Subsecretaria del Ministerio de Agricultura y Pesca, Alimentación y Medio Ambiente; BOE 225, de 18 de septiembre) PRIMER EJERCICIO",D,official,https://www.miteco.gob.es/content/dam/miteco/es/ministerio/empleo-publico/personal-funcionario/primer_ejercicio_v2_tcm30-437875.pdf,https://www.miteco.gob.es/content/dam/miteco/es/ministerio/empleo-publico/personal-funcionario/resolucion2017__plantillarespuestas_definitiva_pe_sello_tcm30-439946.pdf,text_extracted,stale_or_outside_current_program:Plan de Acción de España 2017-2019
2018,AEMET A1 Acceso Libre — Primer ejercicio,1,Señale la afirmación correcta. Dado el campo escalar en coordenadas esféricas ݂ሺ‫ݎ‬ǡ ߠǡ ߶ሻ ൌ ‫ݎ‬,El gradiente de ݂ tiene módulo variable en todos los puntos.,El gradiente de ݂ no es irrotacional.,El laplaciano de ݂ es nulo.,La dirección del gradiente de ݂ en un punto es paralela a la dirección del gradiente de ݂ en cualquier otro punto.,ANULADA,official_annulled,https://www.miteco.gob.es/content/dam/miteco/es/ministerio/empleo-publico/personal-funcionario/cuestionario_primerejercicio_libre_cs_meteorologos_tcm30-498497.pdf,https://www.miteco.gob.es/content/dam/miteco/es/ministerio/empleo-publico/personal-funcionario/plantilla_definitiva_notas_1ejercicio_libre_cs_meteorologos_tcm30-498798.pdf,text_extracted,official_annulled
2018,AEMET A1 Acceso Libre — Primer ejercicio,67,Señale la afirmación correcta respecto a los anticiclones subtropicales:,Se extienden verticalmente a lo largo de toda la tropopausa y están presentes durante todo el año.,No se reflejan en altura y están presentes durante todo el año.,Se extienden verticalmente a lo largo de toda la tropopausa y desaparecen durante los inviernos del hemisferio correspondiente.,"No se reflejan en altura y desaparecen durante los inviernos del hemisferio correspondiente. 21 __________________________________________________________________________________________ Tribunal Calificador de las Pruebas Selectivas para el ingreso en el Cuerpo Superior de Meteorólogos del Estado (Resolución de 21 de marzo de 2019; BOE 76, de 29 de marzo) ______________________________________________________________________ PRIMER EJERCICIO (las respuestas ha de marcarlas en la Hoja de Examen) ___________________________________________________________________________________________",ANULADA,official_annulled,https://www.miteco.gob.es/content/dam/miteco/es/ministerio/empleo-publico/personal-funcionario/cuestionario_primerejercicio_libre_cs_meteorologos_tcm30-498497.pdf,https://www.miteco.gob.es/content/dam/miteco/es/ministerio/empleo-publico/personal-funcionario/plantilla_definitiva_notas_1ejercicio_libre_cs_meteorologos_tcm30-498798.pdf,text_extracted,official_annulled
2018,AEMET A1 Acceso Libre — Primer ejercicio,84,¿Cuál de los siguientes protocolos permite cifrar los archivos para su intercambio de forma más segura que el resto?,FTP,TFTP,SSH,SCP,ANULADA,official_annulled,https://www.miteco.gob.es/content/dam/miteco/es/ministerio/empleo-publico/personal-funcionario/cuestionario_primerejercicio_libre_cs_meteorologos_tcm30-498497.pdf,https://www.miteco.gob.es/content/dam/miteco/es/ministerio/empleo-publico/personal-funcionario/plantilla_definitiva_notas_1ejercicio_libre_cs_meteorologos_tcm30-498798.pdf,text_extracted,official_annulled
2018,AEMET A1 Acceso Libre — Primer ejercicio,88,Señale la afirmación correcta. La Constitución Española contempla que las siguientes materias se regularán mediante ley orgánica según su artículo 85:,"Desarrollo de los derechos fundamentales y de las libertades públicas, los Presupuestos Generales del Estado, los Estatutos de Autonomía y las demás previstas en la Constitución.","Desarrollo de los derechos fundamentales y de las libertades públicas, las que aprueben los Estatutos de Autonomía, las de carácter tributario y las demás previstas en la Constitución.","Desarrollo de los derechos fundamentales y de las libertades públicas, las que aprueben los Estatutos de Autonomía y el régimen electoral general y las demás previstas en la Constitución.","Desarrollo de los derechos fundamentales y de las libertades públicas, las que aprueben los Estatutos de Autonomía, las que regulan materias que no pueden ser objeto de iniciativa legislativa popular y las demás previstas en la Constitución. 27 __________________________________________________________________________________________ Tribunal Calificador de las Pruebas Selectivas para el ingreso en el Cuerpo Superior de Meteorólogos del Estado (Resolución de 21 de marzo de 2019; BOE 76, de 29 de marzo) ______________________________________________________________________ PRIMER EJERCICIO (las respuestas ha de marcarlas en la Hoja de Examen) ___________________________________________________________________________________________",ANULADA,official_annulled,https://www.miteco.gob.es/content/dam/miteco/es/ministerio/empleo-publico/personal-funcionario/cuestionario_primerejercicio_libre_cs_meteorologos_tcm30-498497.pdf,https://www.miteco.gob.es/content/dam/miteco/es/ministerio/empleo-publico/personal-funcionario/plantilla_definitiva_notas_1ejercicio_libre_cs_meteorologos_tcm30-498798.pdf,text_extracted,official_annulled
